,type,id,source,instantTicketingRequired,nonHomogeneous,oneWay,lastTicketingDate,lastTicketingDateTime,numberOfBookableSeats,itineraries,validatingAirlineCodes,travelerPricings,price.currency,price.total,price.base,price.fees,price.grandTotal,pricingOptions.fareType,pricingOptions.includedCheckedBagsOnly,price.additionalServices
0,flight-offer,1,GDS,False,False,False,2023-07-18,2023-07-18,9,"[{'duration': 'PT24H15M', 'segments': [{'departure': {'iataCode': 'SYD', 'terminal': '1', 'at': '2023-10-10T13:35:00'}, 'arrival': {'iataCode': 'SIN', 'terminal': '1', 'at': '2023-10-10T18:55:00'}, 'carrierCode': 'TR', 'number': '3', 'aircraft': {'code': '789'}, 'operating': {'carrierCode': 'TR'}, 'duration': 'PT8H20M', 'id': '41', 'numberOfStops': 0, 'blacklistedInEU': False}, {'departure': {'iataCode': 'SIN', 'terminal': '1', 'at': '2023-10-11T08:20:00'}, 'arrival': {'iataCode': 'BKK', 'at': '2023-10-11T09:50:00'}, 'carrierCode': 'TR', 'number': '624', 'aircraft': {'code': '32Q'}, 'operating': {'carrierCode': 'TR'}, 'duration': 'PT2H30M', 'id': '42', 'numberOfStops': 0, 'blacklistedInEU': False}]}]",['SQ'],"[{'travelerId': '1', 'fareOption': 'STANDARD', 'travelerType': 'ADULT', 'price': {'currency': 'EUR', 'total': '250.85', 'base': '150.00'}, 'fareDetailsBySegment': [{'segmentId': '41', 'cabin': 'ECONOMY', 'fareBasis': 'O2TR24', 'class': 'O', 'includedCheckedBags': {'weight': 30, 'weightUnit': 'KG'}}, {'segmentId': '42', 'cabin': 'ECONOMY', 'fareBasis': 'O2TR24', 'class': 'O', 'includedCheckedBags': {'weight': 30, 'weightUnit': 'KG'}}]}]",EUR,250.85,150.00,"[{'amount': '0.00', 'type': 'SUPPLIER'}, {'amount': '0.00', 'type': 'TICKETING'}]",250.85,['PUBLISHED'],True,
1,flight-offer,2,GDS,False,False,False,2023-07-18,2023-07-18,9,"[{'duration': 'PT28H40M', 'segments': [{'departure': {'iataCode': 'SYD', 'terminal': '1', 'at': '2023-10-10T13:35:00'}, 'arrival': {'iataCode': 'SIN', 'terminal': '1', 'at': '2023-10-10T18:55:00'}, 'carrierCode': 'TR', 'number': '3', 'aircraft': {'code': '789'}, 'operating': {'carrierCode': 'TR'}, 'duration': 'PT8H20M', 'id': '92', 'numberOfStops': 0, 'blacklistedInEU': False}, {'departure': {'iataCode': 'SIN', 'terminal': '1', 'at': '2023-10-11T12:40:00'}, 'arrival': {'iataCode': 'BKK', 'at': '2023-10-11T14:15:00'}, 'carrierCode': 'TR', 'number': '604', 'aircraft': {'code': '32N'}, 'operating': {'carrierCode': 'TR'}, 'duration': 'PT2H35M', 'id': '93', 'numberOfStops': 0, 'blacklistedInEU': False}]}]",['SQ'],"[{'travelerId': '1', 'fareOption': 'STANDARD', 'travelerType': 'ADULT', 'price': {'currency': 'EUR', 'total': '292.85', 'base': '192.00'}, 'fareDetailsBySegment': [{'segmentId': '92', 'cabin': 'ECONOMY', 'fareBasis': 'O2TR24', 'class': 'O', 'includedCheckedBags': {'weight': 30, 'weightUnit': 'KG'}}, {'segmentId': '93', 'cabin': 'ECONOMY', 'fareBasis': 'N2TR24', 'class': 'N', 'includedCheckedBags': {'weight': 30, 'weightUnit': 'KG'}}]}]",EUR,292.85,192.00,"[{'amount': '0.00', 'type': 'SUPPLIER'}, {'amount': '0.00', 'type': 'TICKETING'}]",292.85,['PUBLISHED'],True,
2,flight-offer,3,GDS,False,False,False,2023-07-18,2023-07-18,9,"[{'duration': 'PT16H5M', 'segments': [{'departure': {'iataCode': 'SYD', 'terminal': '1', 'at': '2023-10-10T21:45:00'}, 'arrival': {'iataCode': 'SIN', 'terminal': '1', 'at': '2023-10-11T03:10:00'}, 'carrierCode': 'TR', 'number': '13', 'aircraft': {'code': '788'}, 'operating': {'carrierCode': 'TR'}, 'duration': 'PT8H25M', 'id': '11', 'numberOfStops': 0, 'blacklistedInEU': False}, {'departure': {'iataCode': 'SIN', 'terminal': '1', 'at': '2023-10-11T08:20:00'}, 'arrival': {'iataCode': 'BKK', 'at': '2023-10-11T09:50:00'}, 'carrierCode': 'TR', 'number': '624', 'aircraft': {'code': '32Q'}, 'operating': {'carrierCode': 'TR'}, 'duration': 'PT2H30M', 'id': '12', 'numberOfStops': 0, 'blacklistedInEU': False}]}]",['SQ'],"[{'travelerId': '1', 'fareOption': 'STANDARD', 'travelerType': 'ADULT', 'price': {'currency': 'EUR', 'total': '294.85', 'base': '194.00'}, 'fareDetailsBySegment': [{'segmentId': '11', 'cabin': 'ECONOMY', 'fareBasis': 'N2TR24', 'class': 'N', 'includedCheckedBags': {'weight': 30, 'weightUnit': 'KG'}}, {'segmentId': '12', 'cabin': 'ECONOMY', 'fareBasis': 'N2TR24', 'class': 'N', 'includedCheckedBags': {'weight': 30, 'weightUnit': 'KG'}}]}]",EUR,294.85,194.00,"[{'amount': '0.00', 'type': 'SUPPLIER'}, {'amount': '0.00', 'type': 'TICKETING'}]",294.85,['PUBLISHED'],True,
3,flight-offer,4,GDS,False,False,False,2023-07-18,2023-07-18,9,"[{'duration': 'PT20H30M', 'segments': [{'departure': {'iataCode': 'SYD', 'terminal': '1', 'at': '2023-10-10T21:45:00'}, 'arrival': {'iataCode': 'SIN', 'terminal': '1', 'at': '2023-10-11T03:10:00'}, 'carrierCode': 'TR', 'number': '13', 'aircraft': {'code': '788'}, 'operating': {'carrierCode': 'TR'}, 'duration': 'PT8H25M', 'id': '70', 'numberOfStops': 0, 'blacklistedInEU': False}, {'departure': {'iataCode': 'SIN', 'terminal': '1', 'at': '2023-10-11T12:40:00'}, 'arrival': {'iataCode': 'BKK', 'at': '2023-10-11T14:15:00'}, 'carrierCode': 'TR', 'number': '604', 'aircraft': {'code': '32N'}, 'operating': {'carrierCode': 'TR'}, 'duration': 'PT2H35M', 'id': '71', 'numberOfStops': 0, 'blacklistedInEU': False}]}]",['SQ'],"[{'travelerId': '1', 'fareOption': 'STANDARD', 'travelerType': 'ADULT', 'price': {'currency': 'EUR', 'total': '294.85', 'base': '194.00'}, 'fareDetailsBySegment': [{'segmentId': '70', 'cabin': 'ECONOMY', 'fareBasis': 'N2TR24', 'class': 'N', 'includedCheckedBags': {'weight': 30, 'weightUnit': 'KG'}}, {'segmentId': '71', 'cabin': 'ECONOMY', 'fareBasis': 'N2TR24', 'class': 'N', 'includedCheckedBags': {'weight': 30, 'weightUnit': 'KG'}}]}]",EUR,294.85,194.00,"[{'amount': '0.00', 'type': 'SUPPLIER'}, {'amount': '0.00', 'type': 'TICKETING'}]",294.85,['PUBLISHED'],True,
4,flight-offer,5,GDS,False,False,False,2023-07-24,2023-07-24,9,"[{'duration': 'PT13H15M', 'segments': [{'departure': {'iataCode': 'SYD', 'terminal': '0', 'at': '2023-10-10T07:55:00'}, 'arrival': {'iataCode': 'KUL', 'terminal': 'M', 'at': '2023-10-10T14:45:00'}, 'carrierCode': 'OD', 'number': '172', 'aircraft': {'code': '738'}, 'operating': {'carrierCode': 'OD'}, 'duration': 'PT9H50M', 'stops': [{'iataCode': 'DPS', 'duration': 'PT1H', 'arrivalAt': '2023-10-10T10:35:00', 'departureAt': '2023-10-10T11:35:00'}], 'id': '31', 'numberOfStops': 1, 'blacklistedInEU': False}, {'departure': {'iataCode': 'KUL', 'terminal': 'M', 'at': '2023-10-10T16:00:00'}, 'arrival': {'iataCode': 'DMK', 'terminal': '0', 'at': '2023-10-10T17:10:00'}, 'carrierCode': 'OD', 'number': '522', 'aircraft': {'code': '738'}, 'operating': {'carrierCode': 'OD'}, 'duration': 'PT2H10M', 'id': '32', 'numberOfStops': 0, 'blacklistedInEU': False}]}]",['GP'],"[{'travelerId': '1', 'fareOption': 'STANDARD', 'travelerType': 'ADULT', 'price': {'currency': 'EUR', 'total': '315.01', 'base': '178.00'}, 'fareDetailsBySegment': [{'segmentId': '31', 'cabin': 'ECONOMY', 'fareBasis': 'XOWAU', 'class': 'X', 'includedCheckedBags': {'weight': 20, 'weightUnit': 'KG'}}, {'segmentId': '32', 'cabin': 'ECONOMY', 'fareBasis': 'XOWMY', 'class': 'X', 'includedCheckedBags': {'weight': 20, 'weightUnit': 'KG'}}]}]",EUR,315.01,178.00,"[{'amount': '0.00', 'type': 'SUPPLIER'}, {'amount': '0.00', 'type': 'TICKETING'}]",315.01,['PUBLISHED'],True,
5,flight-offer,6,GDS,False,False,False,2023-07-18,2023-07-18,9,"[{'duration': 'PT22H55M', 'segments': [{'departure': {'iataCode': 'SYD', 'terminal': '1', 'at': '2023-10-10T13:35:00'}, 'arrival': {'iataCode': 'SIN', 'terminal': '1', 'at': '2023-10-10T18:55:00'}, 'carrierCode': 'TR', 'number': '3', 'aircraft': {'code': '789'}, 'operating': {'carrierCode': 'TR'}, 'duration': 'PT8H20M', 'id': '118', 'numberOfStops': 0, 'blacklistedInEU': False}, {'departure': {'iataCode': 'SIN', 'terminal': '1', 'at': '2023-10-11T07:00:00'}, 'arrival': {'iataCode': 'BKK', 'at': '2023-10-11T08:30:00'}, 'carrierCode': 'TR', 'number': '608', 'aircraft': {'code': '32Q'}, 'operating': {'carrierCode': 'TR'}, 'duration': 'PT2H30M', 'id': '119', 'numberOfStops': 0, 'blacklistedInEU': False}]}]",['SQ'],"[{'travelerId': '1', 'fareOption': 'STANDARD', 'travelerType': 'ADULT', 'price': {'currency': 'EUR', 'total': '315.85', 'base': '215.00'}, 'fareDetailsBySegment': [{'segmentId': '118', 'cabin': 'ECONOMY', 'fareBasis': 'O2TR24', 'class': 'O', 'includedCheckedBags': {'weight': 30, 'weightUnit': 'KG'}}, {'segmentId': '119', 'cabin': 'ECONOMY', 'fareBasis': 'H2TR24', 'class': 'H', 'includedCheckedBags': {'weight': 30, 'weightUnit': 'KG'}}]}]",EUR,315.85,215.00,"[{'amount': '0.00', 'type': 'SUPPLIER'}, {'amount': '0.00', 'type': 'TICKETING'}]",315.85,['PUBLISHED'],True,
6,flight-offer,7,GDS,False,False,False,2023-07-18,2023-07-18,9,"[{'duration': 'PT31H55M', 'segments': [{'departure': {'iataCode': 'SYD', 'terminal': '1', 'at': '2023-10-10T13:35:00'}, 'arrival': {'iataCode': 'SIN', 'terminal': '1', 'at': '2023-10-10T18:55:00'}, 'carrierCode': 'TR', 'number': '3', 'aircraft': {'code': '789'}, 'operating': {'carrierCode': 'TR'}, 'duration': 'PT8H20M', 'id': '126', 'numberOfStops': 0, 'blacklistedInEU': False}, {'departure': {'iataCode': 'SIN', 'terminal': '1', 'at': '2023-10-11T16:00:00'}, 'arrival': {'iataCode': 'BKK', 'at': '2023-10-11T17:30:00'}, 'carrierCode': 'TR', 'number': '610', 'aircraft': {'code': '32Q'}, 'operating': {'carrierCode': 'TR'}, 'duration': 'PT2H30M', 'id': '127', 'numberOfStops': 0, 'blacklistedInEU': False}]}]",['SQ'],"[{'travelerId': '1', 'fareOption': 'STANDARD', 'travelerType': 'ADULT', 'price': {'currency': 'EUR', 'total': '315.85', 'base': '215.00'}, 'fareDetailsBySegment': [{'segmentId': '126', 'cabin': 'ECONOMY', 'fareBasis': 'O2TR24', 'class': 'O', 'includedCheckedBags': {'weight': 30, 'weightUnit': 'KG'}}, {'segmentId': '127', 'cabin': 'ECONOMY', 'fareBasis': 'H2TR24', 'class': 'H', 'includedCheckedBags': {'weight': 30, 'weightUnit': 'KG'}}]}]",EUR,315.85,215.00,"[{'amount': '0.00', 'type': 'SUPPLIER'}, {'amount': '0.00', 'type': 'TICKETING'}]",315.85,['PUBLISHED'],True,
7,flight-offer,8,GDS,False,False,False,2023-07-18,2023-07-18,9,"[{'duration': 'PT33H25M', 'segments': [{'departure': {'iataCode': 'SYD', 'terminal': '1', 'at': '2023-10-10T13:35:00'}, 'arrival': {'iataCode': 'SIN', 'terminal': '1', 'at': '2023-10-10T18:55:00'}, 'carrierCode': 'TR', 'number': '3', 'aircraft': {'code': '789'}, 'operating': {'carrierCode': 'TR'}, 'duration': 'PT8H20M', 'id': '62', 'numberOfStops': 0, 'blacklistedInEU': False}, {'departure': {'iataCode': 'SIN', 'terminal': '1', 'at': '2023-10-11T17:30:00'}, 'arrival': {'iataCode': 'BKK', 'at': '2023-10-11T19:00:00'}, 'carrierCode': 'TR', 'number': '616', 'aircraft': {'code': '789'}, 'operating': {'carrierCode': 'TR'}, 'duration': 'PT2H30M', 'id': '63', 'numberOfStops': 0, 'blacklistedInEU': False}]}]",['SQ'],"[{'travelerId': '1', 'fareOption': 'STANDARD', 'travelerType': 'ADULT', 'price': {'currency': 'EUR', 'total': '315.85', 'base': '215.00'}, 'fareDetailsBySegment': [{'segmentId': '62', 'cabin': 'ECONOMY', 'fareBasis': 'O2TR24', 'class': 'O', 'includedCheckedBags': {'weight': 30, 'weightUnit': 'KG'}}, {'segmentId': '63', 'cabin': 'ECONOMY', 'fareBasis': 'H2TR24', 'class': 'H', 'includedCheckedBags': {'weight': 30, 'weightUnit': 'KG'}}]}]",EUR,315.85,215.00,"[{'amount': '0.00', 'type': 'SUPPLIER'}, {'amount': '0.00', 'type': 'TICKETING'}]",315.85,['PUBLISHED'],True,
8,flight-offer,9,GDS,False,False,False,2023-07-24,2023-07-24,9,"[{'duration': 'PT31H10M', 'segments': [{'departure': {'iataCode': 'SYD', 'terminal': '0', 'at': '2023-10-10T07:55:00'}, 'arrival': {'iataCode': 'KUL', 'terminal': 'M', 'at': '2023-10-10T14:45:00'}, 'carrierCode': 'OD', 'number': '172', 'aircraft': {'code': '738'}, 'operating': {'carrierCode': 'OD'}, 'duration': 'PT9H50M', 'stops': [{'iataCode': 'DPS', 'duration': 'PT1H', 'arrivalAt': '2023-10-10T10:35:00', 'departureAt': '2023-10-10T11:35:00'}], 'id': '27', 'numberOfStops': 1, 'blacklistedInEU': False}, {'departure': {'iataCode': 'KUL', 'terminal': 'M', 'at': '2023-10-11T09:55:00'}, 'arrival': {'iataCode': 'DMK', 'terminal': '0', 'at': '2023-10-11T11:05:00'}, 'carrierCode': 'OD', 'number': '520', 'aircraft': {'code': '738'}, 'operating': {'carrierCode': 'OD'}, 'duration': 'PT2H10M', 'id': '28', 'numberOfStops': 0, 'blacklistedInEU': False}]}]",['GP'],"[{'travelerId': '1', 'fareOption': 'STANDARD', 'travelerType': 'ADULT', 'price': {'currency': 'EUR', 'total': '323.62', 'base': '178.00'}, 'fareDetailsBySegment': [{'segmentId': '27', 'cabin': 'ECONOMY', 'fareBasis': 'XOWAU', 'class': 'X', 'includedCheckedBags': {'weight': 20, 'weightUnit': 'KG'}}, {'segmentId': '28', 'cabin': 'ECONOMY', 'fareBasis': 'XOWMY', 'class': 'X', 'includedCheckedBags': {'weight': 20, 'weightUnit': 'KG'}}]}]",EUR,323.62,178.00,"[{'amount': '0.00', 'type': 'SUPPLIER'}, {'amount': '0.00', 'type': 'TICKETING'}]",323.62,['PUBLISHED'],True,
9,flight-offer,10,GDS,False,False,False,2023-07-27,2023-07-27,9,"[{'duration': 'PT14H20M', 'segments': [{'departure': {'iataCode': 'SYD', 'terminal': '0', 'at': '2023-10-10T06:55:00'}, 'arrival': {'iataCode': 'DPS', 'terminal': 'D', 'at': '2023-10-10T10:20:00'}, 'carrierCode': 'ID', 'number': '6006', 'aircraft': {'code': '738'}, 'operating': {'carrierCode': 'ID'}, 'duration': 'PT6H25M', 'id': '52', 'numberOfStops': 0, 'blacklistedInEU': False}, {'departure': {'iataCode': 'DPS', 'terminal': 'D', 'at': '2023-10-10T14:00:00'}, 'arrival': {'iataCode': 'DMK', 'terminal': '0', 'at': '2023-10-10T17:15:00'}, 'carrierCode': 'ID', 'number': '7637', 'aircraft': {'code': '738'}, 'operating': {'carrierCode': 'ID'}, 'duration': 'PT4H15M', 'id': '53', 'numberOfStops': 0, 'blacklistedInEU': False}]}]",['GP'],"[{'travelerId': '1', 'fareOption': 'STANDARD', 'travelerType': 'ADULT', 'price': {'currency': 'EUR', 'total': '342.74', 'base': '220.00'}, 'fareDetailsBySegment': [{'segmentId': '52', 'cabin': 'ECONOMY', 'fareBasis': 'XOWAU', 'class': 'X', 'includedCheckedBags': {'weight': 20, 'weightUnit': 'KG'}}, {'segmentId': '53', 'cabin': 'ECONOMY', 'fareBasis': 'XIDOW', 'class': 'X', 'includedCheckedBags': {'weight': 20, 'weightUnit': 'KG'}}]}]",EUR,342.74,220.00,"[{'amount': '0.00', 'type': 'SUPPLIER'}, {'amount': '0.00', 'type': 'TICKETING'}]",342.74,['PUBLISHED'],True,
10,flight-offer,11,GDS,False,False,False,2023-10-10,2023-10-10,3,"[{'duration': 'PT14H15M', 'segments': [{'departure': {'iataCode': 'SYD', 'terminal': '1', 'at': '2023-10-10T11:35:00'}, 'arrival': {'iataCode': 'MNL', 'terminal': '2', 'at': '2023-10-10T16:50:00'}, 'carrierCode': 'PR', 'number': '212', 'aircraft': {'code': '333'}, 'operating': {'carrierCode': 'PR'}, 'duration': 'PT8H15M', 'id': '33', 'numberOfStops': 0, 'blacklistedInEU': False}, {'departure': {'iataCode': 'MNL', 'terminal': '2', 'at': '2023-10-10T19:20:00'}, 'arrival': {'iataCode': 'BKK', 'at': '2023-10-10T21:50:00'}, 'carrierCode': 'PR', 'number': '732', 'aircraft': {'code': '321'}, 'operating': {'carrierCode': 'PR'}, 'duration': 'PT3H30M', 'id': '34', 'numberOfStops': 0, 'blacklistedInEU': False}]}]",['PR'],"[{'travelerId': '1', 'fareOption': 'STANDARD', 'travelerType': 'ADULT', 'price': {'currency': 'EUR', 'total': '345.27', 'base': '237.00'}, 'fareDetailsBySegment': [{'segmentId': '33', 'cabin': 'ECONOMY', 'fareBasis': 'EOBAU', 'class': 'E', 'includedCheckedBags': {'weight': 30, 'weightUnit': 'KG'}}, {'segmentId': '34', 'cabin': 'ECONOMY', 'fareBasis': 'EOBAU', 'class': 'E', 'includedCheckedBags': {'weight': 30, 'weightUnit': 'KG'}}]}]",EUR,345.27,237.00,"[{'amount': '0.00', 'type': 'SUPPLIER'}, {'amount': '0.00', 'type': 'TICKETING'}]",345.27,['PUBLISHED'],True,
11,flight-offer,12,GDS,False,False,False,2023-10-10,2023-10-10,3,"[{'duration': 'PT28H30M', 'segments': [{'departure': {'iataCode': 'SYD', 'terminal': '1', 'at': '2023-10-10T11:35:00'}, 'arrival': {'iataCode': 'MNL', 'terminal': '2', 'at': '2023-10-10T16:50:00'}, 'carrierCode': 'PR', 'number': '212', 'aircraft': {'code': '333'}, 'operating': {'carrierCode': 'PR'}, 'duration': 'PT8H15M', 'id': '72', 'numberOfStops': 0, 'blacklistedInEU': False}, {'departure': {'iataCode': 'MNL', 'terminal': '2', 'at': '2023-10-11T09:45:00'}, 'arrival': {'iataCode': 'BKK', 'at': '2023-10-11T12:05:00'}, 'carrierCode': 'PR', 'number': '730', 'aircraft': {'code': '333'}, 'operating': {'carrierCode': 'PR'}, 'duration': 'PT3H20M', 'id': '73', 'numberOfStops': 0, 'blacklistedInEU': False}]}]",['PR'],"[{'travelerId': '1', 'fareOption': 'STANDARD', 'travelerType': 'ADULT', 'price': {'currency': 'EUR', 'total': '345.27', 'base': '237.00'}, 'fareDetailsBySegment': [{'segmentId': '72', 'cabin': 'ECONOMY', 'fareBasis': 'EOBAU', 'class': 'E', 'includedCheckedBags': {'weight': 30, 'weightUnit': 'KG'}}, {'segmentId': '73', 'cabin': 'ECONOMY', 'fareBasis': 'EOBAU', 'class': 'E', 'includedCheckedBags': {'weight': 30, 'weightUnit': 'KG'}}]}]",EUR,345.27,237.00,"[{'amount': '0.00', 'type': 'SUPPLIER'}, {'amount': '0.00', 'type': 'TICKETING'}]",345.27,['PUBLISHED'],True,
12,flight-offer,13,GDS,False,False,False,2023-10-10,2023-10-10,3,"[{'duration': 'PT33H10M', 'segments': [{'departure': {'iataCode': 'SYD', 'terminal': '1', 'at': '2023-10-10T11:35:00'}, 'arrival': {'iataCode': 'MNL', 'terminal': '2', 'at': '2023-10-10T16:50:00'}, 'carrierCode': 'PR', 'number': '212', 'aircraft': {'code': '333'}, 'operating': {'carrierCode': 'PR'}, 'duration': 'PT8H15M', 'id': '29', 'numberOfStops': 0, 'blacklistedInEU': False}, {'departure': {'iataCode': 'MNL', 'terminal': '2', 'at': '2023-10-11T14:25:00'}, 'arrival': {'iataCode': 'BKK', 'at': '2023-10-11T16:45:00'}, 'carrierCode': 'PR', 'number': '736', 'aircraft': {'code': '321'}, 'operating': {'carrierCode': 'PR'}, 'duration': 'PT3H20M', 'id': '30', 'numberOfStops': 0, 'blacklistedInEU': False}]}]",['PR'],"[{'travelerId': '1', 'fareOption': 'STANDARD', 'travelerType': 'ADULT', 'price': {'currency': 'EUR', 'total': '345.27', 'base': '237.00'}, 'fareDetailsBySegment': [{'segmentId': '29', 'cabin': 'ECONOMY', 'fareBasis': 'EOBAU', 'class': 'E', 'includedCheckedBags': {'weight': 30, 'weightUnit': 'KG'}}, {'segmentId': '30', 'cabin': 'ECONOMY', 'fareBasis': 'EOBAU', 'class': 'E', 'includedCheckedBags': {'weight': 30, 'weightUnit': 'KG'}}]}]",EUR,345.27,237.00,"[{'amount': '0.00', 'type': 'SUPPLIER'}, {'amount': '0.00', 'type': 'TICKETING'}]",345.27,['PUBLISHED'],True,
13,flight-offer,14,GDS,False,False,False,2023-07-18,2023-07-18,9,"[{'duration': 'PT14H45M', 'segments': [{'departure': {'iataCode': 'SYD', 'terminal': '1', 'at': '2023-10-10T21:45:00'}, 'arrival': {'iataCode': 'SIN', 'terminal': '1', 'at': '2023-10-11T03:10:00'}, 'carrierCode': 'TR', 'number': '13', 'aircraft': {'code': '788'}, 'operating': {'carrierCode': 'TR'}, 'duration': 'PT8H25M', 'id': '94', 'numberOfStops': 0, 'blacklistedInEU': False}, {'departure': {'iataCode': 'SIN', 'terminal': '1', 'at': '2023-10-11T07:00:00'}, 'arrival': {'iataCode': 'BKK', 'at': '2023-10-11T08:30:00'}, 'carrierCode': 'TR', 'number': '608', 'aircraft': {'code': '32Q'}, 'operating': {'carrierCode': 'TR'}, 'duration': 'PT2H30M', 'id': '95', 'numberOfStops': 0, 'blacklistedInEU': False}]}]",['SQ'],"[{'travelerId': '1', 'fareOption': 'STANDARD', 'travelerType': 'ADULT', 'price': {'currency': 'EUR', 'total': '360.85', 'base': '260.00'}, 'fareDetailsBySegment': [{'segmentId': '94', 'cabin': 'ECONOMY', 'fareBasis': 'H2TR24', 'class': 'H', 'includedCheckedBags': {'weight': 30, 'weightUnit': 'KG'}}, {'segmentId': '95', 'cabin': 'ECONOMY', 'fareBasis': 'H2TR24', 'class': 'H', 'includedCheckedBags': {'weight': 30, 'weightUnit': 'KG'}}]}]",EUR,360.85,260.00,"[{'amount': '0.00', 'type': 'SUPPLIER'}, {'amount': '0.00', 'type': 'TICKETING'}]",360.85,['PUBLISHED'],True,
14,flight-offer,15,GDS,False,False,False,2023-07-18,2023-07-18,9,"[{'duration': 'PT23H45M', 'segments': [{'departure': {'iataCode': 'SYD', 'terminal': '1', 'at': '2023-10-10T21:45:00'}, 'arrival': {'iataCode': 'SIN', 'terminal': '1', 'at': '2023-10-11T03:10:00'}, 'carrierCode': 'TR', 'number': '13', 'aircraft': {'code': '788'}, 'operating': {'carrierCode': 'TR'}, 'duration': 'PT8H25M', 'id': '102', 'numberOfStops': 0, 'blacklistedInEU': False}, {'departure': {'iataCode': 'SIN', 'terminal': '1', 'at': '2023-10-11T16:00:00'}, 'arrival': {'iataCode': 'BKK', 'at': '2023-10-11T17:30:00'}, 'carrierCode': 'TR', 'number': '610', 'aircraft': {'code': '32Q'}, 'operating': {'carrierCode': 'TR'}, 'duration': 'PT2H30M', 'id': '103', 'numberOfStops': 0, 'blacklistedInEU': False}]}]",['SQ'],"[{'travelerId': '1', 'fareOption': 'STANDARD', 'travelerType': 'ADULT', 'price': {'currency': 'EUR', 'total': '360.85', 'base': '260.00'}, 'fareDetailsBySegment': [{'segmentId': '102', 'cabin': 'ECONOMY', 'fareBasis': 'H2TR24', 'class': 'H', 'includedCheckedBags': {'weight': 30, 'weightUnit': 'KG'}}, {'segmentId': '103', 'cabin': 'ECONOMY', 'fareBasis': 'H2TR24', 'class': 'H', 'includedCheckedBags': {'weight': 30, 'weightUnit': 'KG'}}]}]",EUR,360.85,260.00,"[{'amount': '0.00', 'type': 'SUPPLIER'}, {'amount': '0.00', 'type': 'TICKETING'}]",360.85,['PUBLISHED'],True,
15,flight-offer,16,GDS,False,False,False,2023-07-18,2023-07-18,9,"[{'duration': 'PT25H15M', 'segments': [{'departure': {'iataCode': 'SYD', 'terminal': '1', 'at': '2023-10-10T21:45:00'}, 'arrival': {'iataCode': 'SIN', 'terminal': '1', 'at': '2023-10-11T03:10:00'}, 'carrierCode': 'TR', 'number': '13', 'aircraft': {'code': '788'}, 'operating': {'carrierCode': 'TR'}, 'duration': 'PT8H25M', 'id': '45', 'numberOfStops': 0, 'blacklistedInEU': False}, {'departure': {'iataCode': 'SIN', 'terminal': '1', 'at': '2023-10-11T17:30:00'}, 'arrival': {'iataCode': 'BKK', 'at': '2023-10-11T19:00:00'}, 'carrierCode': 'TR', 'number': '616', 'aircraft': {'code': '789'}, 'operating': {'carrierCode': 'TR'}, 'duration': 'PT2H30M', 'id': '46', 'numberOfStops': 0, 'blacklistedInEU': False}]}]",['SQ'],"[{'travelerId': '1', 'fareOption': 'STANDARD', 'travelerType': 'ADULT', 'price': {'currency': 'EUR', 'total': '360.85', 'base': '260.00'}, 'fareDetailsBySegment': [{'segmentId': '45', 'cabin': 'ECONOMY', 'fareBasis': 'H2TR24', 'class': 'H', 'includedCheckedBags': {'weight': 30, 'weightUnit': 'KG'}}, {'segmentId': '46', 'cabin': 'ECONOMY', 'fareBasis': 'H2TR24', 'class': 'H', 'includedCheckedBags': {'weight': 30, 'weightUnit': 'KG'}}]}]",EUR,360.85,260.00,"[{'amount': '0.00', 'type': 'SUPPLIER'}, {'amount': '0.00', 'type': 'TICKETING'}]",360.85,['PUBLISHED'],True,
16,flight-offer,17,GDS,False,False,False,2023-10-10,2023-10-10,9,"[{'duration': 'PT15H40M', 'segments': [{'departure': {'iataCode': 'SYD', 'terminal': '1', 'at': '2023-10-10T22:20:00'}, 'arrival': {'iataCode': 'HKG', 'terminal': '1', 'at': '2023-10-11T05:00:00'}, 'carrierCode': 'CX', 'number': '138', 'aircraft': {'code': '359'}, 'operating': {'carrierCode': 'CX'}, 'duration': 'PT9H40M', 'id': '84', 'numberOfStops': 0, 'blacklistedInEU': False}, {'departure': {'iataCode': 'HKG', 'terminal': '1', 'at': '2023-10-11T08:00:00'}, 'arrival': {'iataCode': 'BKK', 'at': '2023-10-11T10:00:00'}, 'carrierCode': 'CX', 'number': '705', 'aircraft': {'code': '333'}, 'operating': {'carrierCode': 'CX'}, 'duration': 'PT3H', 'id': '85', 'numberOfStops': 0, 'blacklistedInEU': False}]}]",['CX'],"[{'travelerId': '1', 'fareOption': 'STANDARD', 'travelerType': 'ADULT', 'price': {'currency': 'EUR', 'total': '384.12', 'base': '210.00'}, 'fareDetailsBySegment': [{'segmentId': '84', 'cabin': 'ECONOMY', 'fareBasis': 'SR21AUIO', 'brandedFare': 'ECONLIGHT', 'class': 'S', 'includedCheckedBags': {'quantity': 1}}, {'segmentId': '85', 'cabin': 'ECONOMY', 'fareBasis': 'SR21AUIO', 'brandedFare': 'ECONLIGHT', 'class': 'S', 'includedCheckedBags': {'quantity': 1}}]}]",EUR,384.12,210.00,"[{'amount': '0.00', 'type': 'SUPPLIER'}, {'amount': '0.00', 'type': 'TICKETING'}]",384.12,['PUBLISHED'],True,
17,flight-offer,18,GDS,False,False,False,2023-10-10,2023-10-10,9,"[{'duration': 'PT16H35M', 'segments': [{'departure': {'iataCode': 'SYD', 'terminal': '1', 'at': '2023-10-10T22:20:00'}, 'arrival': {'iataCode': 'HKG', 'terminal': '1', 'at': '2023-10-11T05:00:00'}, 'carrierCode': 'CX', 'number': '138', 'aircraft': {'code': '359'}, 'operating': {'carrierCode': 'CX'}, 'duration': 'PT9H40M', 'id': '78', 'numberOfStops': 0, 'blacklistedInEU': False}, {'departure': {'iataCode': 'HKG', 'terminal': '1', 'at': '2023-10-11T09:00:00'}, 'arrival': {'iataCode': 'BKK', 'at': '2023-10-11T10:55:00'}, 'carrierCode': 'CX', 'number': '717', 'aircraft': {'code': '333'}, 'operating': {'carrierCode': 'CX'}, 'duration': 'PT2H55M', 'id': '79', 'numberOfStops': 0, 'blacklistedInEU': False}]}]",['CX'],"[{'travelerId': '1', 'fareOption': 'STANDARD', 'travelerType': 'ADULT', 'price': {'currency': 'EUR', 'total': '384.12', 'base': '210.00'}, 'fareDetailsBySegment': [{'segmentId': '78', 'cabin': 'ECONOMY', 'fareBasis': 'SR21AUIO', 'brandedFare': 'ECONLIGHT', 'class': 'S', 'includedCheckedBags': {'quantity': 1}}, {'segmentId': '79', 'cabin': 'ECONOMY', 'fareBasis': 'SR21AUIO', 'brandedFare': 'ECONLIGHT', 'class': 'S', 'includedCheckedBags': {'quantity': 1}}]}]",EUR,384.12,210.00,"[{'amount': '0.00', 'type': 'SUPPLIER'}, {'amount': '0.00', 'type': 'TICKETING'}]",384.12,['PUBLISHED'],True,
18,flight-offer,19,GDS,False,False,False,2023-10-10,2023-10-10,9,"[{'duration': 'PT16H45M', 'segments': [{'departure': {'iataCode': 'SYD', 'terminal': '1', 'at': '2023-10-10T11:05:00'}, 'arrival': {'iataCode': 'HKG', 'terminal': '1', 'at': '2023-10-10T17:35:00'}, 'carrierCode': 'CX', 'number': '162', 'aircraft': {'code': '359'}, 'operating': {'carrierCode': 'CX'}, 'duration': 'PT9H30M', 'id': '96', 'numberOfStops': 0, 'blacklistedInEU': False}, {'departure': {'iataCode': 'HKG', 'terminal': '1', 'at': '2023-10-10T21:50:00'}, 'arrival': {'iataCode': 'BKK', 'at': '2023-10-10T23:50:00'}, 'carrierCode': 'CX', 'number': '617', 'aircraft': {'code': '333'}, 'operating': {'carrierCode': 'CX'}, 'duration': 'PT3H', 'id': '97', 'numberOfStops': 0, 'blacklistedInEU': False}]}]",['CX'],"[{'travelerId': '1', 'fareOption': 'STANDARD', 'travelerType': 'ADULT', 'price': {'currency': 'EUR', 'total': '384.12', 'base': '210.00'}, 'fareDetailsBySegment': [{'segmentId': '96', 'cabin': 'ECONOMY', 'fareBasis': 'SR21AUIO', 'brandedFare': 'ECONLIGHT', 'class': 'S', 'includedCheckedBags': {'quantity': 1}}, {'segmentId': '97', 'cabin': 'ECONOMY', 'fareBasis': 'SR21AUIO', 'brandedFare': 'ECONLIGHT', 'class': 'S', 'includedCheckedBags': {'quantity': 1}}]}]",EUR,384.12,210.00,"[{'amount': '0.00', 'type': 'SUPPLIER'}, {'amount': '0.00', 'type': 'TICKETING'}]",384.12,['PUBLISHED'],True,
19,flight-offer,20,GDS,False,False,False,2023-10-10,2023-10-10,9,"[{'duration': 'PT17H10M', 'segments': [{'departure': {'iataCode': 'SYD', 'terminal': '1', 'at': '2023-10-10T22:20:00'}, 'arrival': {'iataCode': 'HKG', 'terminal': '1', 'at': '2023-10-11T05:00:00'}, 'carrierCode': 'CX', 'number': '138', 'aircraft': {'code': '359'}, 'operating': {'carrierCode': 'CX'}, 'duration': 'PT9H40M', 'id': '17', 'numberOfStops': 0, 'blacklistedInEU': False}, {'departure': {'iataCode': 'HKG', 'terminal': '1', 'at': '2023-10-11T09:30:00'}, 'arrival': {'iataCode': 'BKK', 'at': '2023-10-11T11:30:00'}, 'carrierCode': 'CX', 'number': '755', 'aircraft': {'code': '333'}, 'operating': {'carrierCode': 'CX'}, 'duration': 'PT3H', 'id': '18', 'numberOfStops': 0, 'blacklistedInEU': False}]}]",['CX'],"[{'travelerId': '1', 'fareOption': 'STANDARD', 'travelerType': 'ADULT', 'price': {'currency': 'EUR', 'total': '384.12', 'base': '210.00'}, 'fareDetailsBySegment': [{'segmentId': '17', 'cabin': 'ECONOMY', 'fareBasis': 'SR21AUIO', 'brandedFare': 'ECONLIGHT', 'class': 'S', 'includedCheckedBags': {'quantity': 1}}, {'segmentId': '18', 'cabin': 'ECONOMY', 'fareBasis': 'SR21AUIO', 'brandedFare': 'ECONLIGHT', 'class': 'S', 'includedCheckedBags': {'quantity': 1}}]}]",EUR,384.12,210.00,"[{'amount': '0.00', 'type': 'SUPPLIER'}, {'amount': '0.00', 'type': 'TICKETING'}]",384.12,['PUBLISHED'],True,
20,flight-offer,21,GDS,False,False,False,2023-10-10,2023-10-10,9,"[{'duration': 'PT19H40M', 'segments': [{'departure': {'iataCode': 'SYD', 'terminal': '1', 'at': '2023-10-10T22:20:00'}, 'arrival': {'iataCode': 'HKG', 'terminal': '1', 'at': '2023-10-11T05:00:00'}, 'carrierCode': 'CX', 'number': '138', 'aircraft': {'code': '359'}, 'operating': {'carrierCode': 'CX'}, 'duration': 'PT9H40M', 'id': '86', 'numberOfStops': 0, 'blacklistedInEU': False}, {'departure': {'iataCode': 'HKG', 'terminal': '1', 'at': '2023-10-11T12:00:00'}, 'arrival': {'iataCode': 'BKK', 'at': '2023-10-11T14:00:00'}, 'carrierCode': 'CX', 'number': '653', 'aircraft': {'code': '333'}, 'operating': {'carrierCode': 'CX'}, 'duration': 'PT3H', 'id': '87', 'numberOfStops': 0, 'blacklistedInEU': False}]}]",['CX'],"[{'travelerId': '1', 'fareOption': 'STANDARD', 'travelerType': 'ADULT', 'price': {'currency': 'EUR', 'total': '384.12', 'base': '210.00'}, 'fareDetailsBySegment': [{'segmentId': '86', 'cabin': 'ECONOMY', 'fareBasis': 'SR21AUIO', 'brandedFare': 'ECONLIGHT', 'class': 'S', 'includedCheckedBags': {'quantity': 1}}, {'segmentId': '87', 'cabin': 'ECONOMY', 'fareBasis': 'SR21AUIO', 'brandedFare': 'ECONLIGHT', 'class': 'S', 'includedCheckedBags': {'quantity': 1}}]}]",EUR,384.12,210.00,"[{'amount': '0.00', 'type': 'SUPPLIER'}, {'amount': '0.00', 'type': 'TICKETING'}]",384.12,['PUBLISHED'],True,
21,flight-offer,22,GDS,False,False,False,2023-10-10,2023-10-10,9,"[{'duration': 'PT22H10M', 'segments': [{'departure': {'iataCode': 'SYD', 'terminal': '1', 'at': '2023-10-10T22:20:00'}, 'arrival': {'iataCode': 'HKG', 'terminal': '1', 'at': '2023-10-11T05:00:00'}, 'carrierCode': 'CX', 'number': '138', 'aircraft': {'code': '359'}, 'operating': {'carrierCode': 'CX'}, 'duration': 'PT9H40M', 'id': '23', 'numberOfStops': 0, 'blacklistedInEU': False}, {'departure': {'iataCode': 'HKG', 'terminal': '1', 'at': '2023-10-11T14:25:00'}, 'arrival': {'iataCode': 'BKK', 'at': '2023-10-11T16:30:00'}, 'carrierCode': 'CX', 'number': '751', 'aircraft': {'code': '333'}, 'operating': {'carrierCode': 'CX'}, 'duration': 'PT3H5M', 'id': '24', 'numberOfStops': 0, 'blacklistedInEU': False}]}]",['CX'],"[{'travelerId': '1', 'fareOption': 'STANDARD', 'travelerType': 'ADULT', 'price': {'currency': 'EUR', 'total': '384.12', 'base': '210.00'}, 'fareDetailsBySegment': [{'segmentId': '23', 'cabin': 'ECONOMY', 'fareBasis': 'SR21AUIO', 'brandedFare': 'ECONLIGHT', 'class': 'S', 'includedCheckedBags': {'quantity': 1}}, {'segmentId': '24', 'cabin': 'ECONOMY', 'fareBasis': 'SR21AUIO', 'brandedFare': 'ECONLIGHT', 'class': 'S', 'includedCheckedBags': {'quantity': 1}}]}]",EUR,384.12,210.00,"[{'amount': '0.00', 'type': 'SUPPLIER'}, {'amount': '0.00', 'type': 'TICKETING'}]",384.12,['PUBLISHED'],True,
22,flight-offer,23,GDS,False,False,False,2023-10-10,2023-10-10,9,"[{'duration': 'PT23H40M', 'segments': [{'departure': {'iataCode': 'SYD', 'terminal': '1', 'at': '2023-10-10T22:20:00'}, 'arrival': {'iataCode': 'HKG', 'terminal': '1', 'at': '2023-10-11T05:00:00'}, 'carrierCode': 'CX', 'number': '138', 'aircraft': {'code': '359'}, 'operating': {'carrierCode': 'CX'}, 'duration': 'PT9H40M', 'id': '90', 'numberOfStops': 0, 'blacklistedInEU': False}, {'departure': {'iataCode': 'HKG', 'terminal': '1', 'at': '2023-10-11T15:55:00'}, 'arrival': {'iataCode': 'BKK', 'at': '2023-10-11T18:00:00'}, 'carrierCode': 'CX', 'number': '701', 'aircraft': {'code': '333'}, 'operating': {'carrierCode': 'CX'}, 'duration': 'PT3H5M', 'id': '91', 'numberOfStops': 0, 'blacklistedInEU': False}]}]",['CX'],"[{'travelerId': '1', 'fareOption': 'STANDARD', 'travelerType': 'ADULT', 'price': {'currency': 'EUR', 'total': '384.12', 'base': '210.00'}, 'fareDetailsBySegment': [{'segmentId': '90', 'cabin': 'ECONOMY', 'fareBasis': 'SR21AUIO', 'brandedFare': 'ECONLIGHT', 'class': 'S', 'includedCheckedBags': {'quantity': 1}}, {'segmentId': '91', 'cabin': 'ECONOMY', 'fareBasis': 'SR21AUIO', 'brandedFare': 'ECONLIGHT', 'class': 'S', 'includedCheckedBags': {'quantity': 1}}]}]",EUR,384.12,210.00,"[{'amount': '0.00', 'type': 'SUPPLIER'}, {'amount': '0.00', 'type': 'TICKETING'}]",384.12,['PUBLISHED'],True,
23,flight-offer,24,GDS,False,False,False,2023-10-10,2023-10-10,9,"[{'duration': 'PT26H15M', 'segments': [{'departure': {'iataCode': 'SYD', 'terminal': '1', 'at': '2023-10-10T22:20:00'}, 'arrival': {'iataCode': 'HKG', 'terminal': '1', 'at': '2023-10-11T05:00:00'}, 'carrierCode': 'CX', 'number': '138', 'aircraft': {'code': '359'}, 'operating': {'carrierCode': 'CX'}, 'duration': 'PT9H40M', 'id': '47', 'numberOfStops': 0, 'blacklistedInEU': False}, {'departure': {'iataCode': 'HKG', 'terminal': '1', 'at': '2023-10-11T18:35:00'}, 'arrival': {'iataCode': 'BKK', 'at': '2023-10-11T20:35:00'}, 'carrierCode': 'CX', 'number': '703', 'aircraft': {'code': '333'}, 'operating': {'carrierCode': 'CX'}, 'duration': 'PT3H', 'id': '48', 'numberOfStops': 0, 'blacklistedInEU': False}]}]",['CX'],"[{'travelerId': '1', 'fareOption': 'STANDARD', 'travelerType': 'ADULT', 'price': {'currency': 'EUR', 'total': '384.12', 'base': '210.00'}, 'fareDetailsBySegment': [{'segmentId': '47', 'cabin': 'ECONOMY', 'fareBasis': 'SR21AUIO', 'brandedFare': 'ECONLIGHT', 'class': 'S', 'includedCheckedBags': {'quantity': 1}}, {'segmentId': '48', 'cabin': 'ECONOMY', 'fareBasis': 'SR21AUIO', 'brandedFare': 'ECONLIGHT', 'class': 'S', 'includedCheckedBags': {'quantity': 1}}]}]",EUR,384.12,210.00,"[{'amount': '0.00', 'type': 'SUPPLIER'}, {'amount': '0.00', 'type': 'TICKETING'}]",384.12,['PUBLISHED'],True,
24,flight-offer,25,GDS,False,False,False,2023-10-10,2023-10-10,9,"[{'duration': 'PT29H30M', 'segments': [{'departure': {'iataCode': 'SYD', 'terminal': '1', 'at': '2023-10-10T22:20:00'}, 'arrival': {'iataCode': 'HKG', 'terminal': '1', 'at': '2023-10-11T05:00:00'}, 'carrierCode': 'CX', 'number': '138', 'aircraft': {'code': '359'}, 'operating': {'carrierCode': 'CX'}, 'duration': 'PT9H40M', 'id': '74', 'numberOfStops': 0, 'blacklistedInEU': False}, {'departure': {'iataCode': 'HKG', 'terminal': '1', 'at': '2023-10-11T21:50:00'}, 'arrival': {'iataCode': 'BKK', 'at': '2023-10-11T23:50:00'}, 'carrierCode': 'CX', 'number': '617', 'aircraft': {'code': '333'}, 'operating': {'carrierCode': 'CX'}, 'duration': 'PT3H', 'id': '75', 'numberOfStops': 0, 'blacklistedInEU': False}]}]",['CX'],"[{'travelerId': '1', 'fareOption': 'STANDARD', 'travelerType': 'ADULT', 'price': {'currency': 'EUR', 'total': '384.12', 'base': '210.00'}, 'fareDetailsBySegment': [{'segmentId': '74', 'cabin': 'ECONOMY', 'fareBasis': 'SR21AUIO', 'brandedFare': 'ECONLIGHT', 'class': 'S', 'includedCheckedBags': {'quantity': 1}}, {'segmentId': '75', 'cabin': 'ECONOMY', 'fareBasis': 'SR21AUIO', 'brandedFare': 'ECONLIGHT', 'class': 'S', 'includedCheckedBags': {'quantity': 1}}]}]",EUR,384.12,210.00,"[{'amount': '0.00', 'type': 'SUPPLIER'}, {'amount': '0.00', 'type': 'TICKETING'}]",384.12,['PUBLISHED'],True,
25,flight-offer,26,GDS,False,False,False,2023-10-10,2023-10-10,9,"[{'duration': 'PT22H45M', 'segments': [{'departure': {'iataCode': 'SYD', 'terminal': '1', 'at': '2023-10-10T15:15:00'}, 'arrival': {'iataCode': 'HKG', 'terminal': '1', 'at': '2023-10-10T21:30:00'}, 'carrierCode': 'CX', 'number': '100', 'aircraft': {'code': '359'}, 'operating': {'carrierCode': 'CX'}, 'duration': 'PT9H15M', 'id': '100', 'numberOfStops': 0, 'blacklistedInEU': False}, {'departure': {'iataCode': 'HKG', 'terminal': '1', 'at': '2023-10-11T08:00:00'}, 'arrival': {'iataCode': 'BKK', 'at': '2023-10-11T10:00:00'}, 'carrierCode': 'CX', 'number': '705', 'aircraft': {'code': '333'}, 'operating': {'carrierCode': 'CX'}, 'duration': 'PT3H', 'id': '101', 'numberOfStops': 0, 'blacklistedInEU': False}]}]",['CX'],"[{'travelerId': '1', 'fareOption': 'STANDARD', 'travelerType': 'ADULT', 'price': {'currency': 'EUR', 'total': '398.09', 'base': '210.00'}, 'fareDetailsBySegment': [{'segmentId': '100', 'cabin': 'ECONOMY', 'fareBasis': 'SR21AUIO', 'brandedFare': 'ECONLIGHT', 'class': 'S', 'includedCheckedBags': {'quantity': 1}}, {'segmentId': '101', 'cabin': 'ECONOMY', 'fareBasis': 'SR21AUIO', 'brandedFare': 'ECONLIGHT', 'class': 'S', 'includedCheckedBags': {'quantity': 1}}]}]",EUR,398.09,210.00,"[{'amount': '0.00', 'type': 'SUPPLIER'}, {'amount': '0.00', 'type': 'TICKETING'}]",398.09,['PUBLISHED'],True,
26,flight-offer,27,GDS,False,False,False,2023-10-10,2023-10-10,9,"[{'duration': 'PT23H40M', 'segments': [{'departure': {'iataCode': 'SYD', 'terminal': '1', 'at': '2023-10-10T15:15:00'}, 'arrival': {'iataCode': 'HKG', 'terminal': '1', 'at': '2023-10-10T21:30:00'}, 'carrierCode': 'CX', 'number': '100', 'aircraft': {'code': '359'}, 'operating': {'carrierCode': 'CX'}, 'duration': 'PT9H15M', 'id': '88', 'numberOfStops': 0, 'blacklistedInEU': False}, {'departure': {'iataCode': 'HKG', 'terminal': '1', 'at': '2023-10-11T09:00:00'}, 'arrival': {'iataCode': 'BKK', 'at': '2023-10-11T10:55:00'}, 'carrierCode': 'CX', 'number': '717', 'aircraft': {'code': '333'}, 'operating': {'carrierCode': 'CX'}, 'duration': 'PT2H55M', 'id': '89', 'numberOfStops': 0, 'blacklistedInEU': False}]}]",['CX'],"[{'travelerId': '1', 'fareOption': 'STANDARD', 'travelerType': 'ADULT', 'price': {'currency': 'EUR', 'total': '398.09', 'base': '210.00'}, 'fareDetailsBySegment': [{'segmentId': '88', 'cabin': 'ECONOMY', 'fareBasis': 'SR21AUIO', 'brandedFare': 'ECONLIGHT', 'class': 'S', 'includedCheckedBags': {'quantity': 1}}, {'segmentId': '89', 'cabin': 'ECONOMY', 'fareBasis': 'SR21AUIO', 'brandedFare': 'ECONLIGHT', 'class': 'S', 'includedCheckedBags': {'quantity': 1}}]}]",EUR,398.09,210.00,"[{'amount': '0.00', 'type': 'SUPPLIER'}, {'amount': '0.00', 'type': 'TICKETING'}]",398.09,['PUBLISHED'],True,
27,flight-offer,28,GDS,False,False,False,2023-10-10,2023-10-10,9,"[{'duration': 'PT24H15M', 'segments': [{'departure': {'iataCode': 'SYD', 'terminal': '1', 'at': '2023-10-10T15:15:00'}, 'arrival': {'iataCode': 'HKG', 'terminal': '1', 'at': '2023-10-10T21:30:00'}, 'carrierCode': 'CX', 'number': '100', 'aircraft': {'code': '359'}, 'operating': {'carrierCode': 'CX'}, 'duration': 'PT9H15M', 'id': '43', 'numberOfStops': 0, 'blacklistedInEU': False}, {'departure': {'iataCode': 'HKG', 'terminal': '1', 'at': '2023-10-11T09:30:00'}, 'arrival': {'iataCode': 'BKK', 'at': '2023-10-11T11:30:00'}, 'carrierCode': 'CX', 'number': '755', 'aircraft': {'code': '333'}, 'operating': {'carrierCode': 'CX'}, 'duration': 'PT3H', 'id': '44', 'numberOfStops': 0, 'blacklistedInEU': False}]}]",['CX'],"[{'travelerId': '1', 'fareOption': 'STANDARD', 'travelerType': 'ADULT', 'price': {'currency': 'EUR', 'total': '398.09', 'base': '210.00'}, 'fareDetailsBySegment': [{'segmentId': '43', 'cabin': 'ECONOMY', 'fareBasis': 'SR21AUIO', 'brandedFare': 'ECONLIGHT', 'class': 'S', 'includedCheckedBags': {'quantity': 1}}, {'segmentId': '44', 'cabin': 'ECONOMY', 'fareBasis': 'SR21AUIO', 'brandedFare': 'ECONLIGHT', 'class': 'S', 'includedCheckedBags': {'quantity': 1}}]}]",EUR,398.09,210.00,"[{'amount': '0.00', 'type': 'SUPPLIER'}, {'amount': '0.00', 'type': 'TICKETING'}]",398.09,['PUBLISHED'],True,
28,flight-offer,29,GDS,False,False,False,2023-10-10,2023-10-10,9,"[{'duration': 'PT26H45M', 'segments': [{'departure': {'iataCode': 'SYD', 'terminal': '1', 'at': '2023-10-10T15:15:00'}, 'arrival': {'iataCode': 'HKG', 'terminal': '1', 'at': '2023-10-10T21:30:00'}, 'carrierCode': 'CX', 'number': '100', 'aircraft': {'code': '359'}, 'operating': {'carrierCode': 'CX'}, 'duration': 'PT9H15M', 'id': '106', 'numberOfStops': 0, 'blacklistedInEU': False}, {'departure': {'iataCode': 'HKG', 'terminal': '1', 'at': '2023-10-11T12:00:00'}, 'arrival': {'iataCode': 'BKK', 'at': '2023-10-11T14:00:00'}, 'carrierCode': 'CX', 'number': '653', 'aircraft': {'code': '333'}, 'operating': {'carrierCode': 'CX'}, 'duration': 'PT3H', 'id': '107', 'numberOfStops': 0, 'blacklistedInEU': False}]}]",['CX'],"[{'travelerId': '1', 'fareOption': 'STANDARD', 'travelerType': 'ADULT', 'price': {'currency': 'EUR', 'total': '398.09', 'base': '210.00'}, 'fareDetailsBySegment': [{'segmentId': '106', 'cabin': 'ECONOMY', 'fareBasis': 'SR21AUIO', 'brandedFare': 'ECONLIGHT', 'class': 'S', 'includedCheckedBags': {'quantity': 1}}, {'segmentId': '107', 'cabin': 'ECONOMY', 'fareBasis': 'SR21AUIO', 'brandedFare': 'ECONLIGHT', 'class': 'S', 'includedCheckedBags': {'quantity': 1}}]}]",EUR,398.09,210.00,"[{'amount': '0.00', 'type': 'SUPPLIER'}, {'amount': '0.00', 'type': 'TICKETING'}]",398.09,['PUBLISHED'],True,
29,flight-offer,30,GDS,False,False,False,2023-10-10,2023-10-10,9,"[{'duration': 'PT27H50M', 'segments': [{'departure': {'iataCode': 'SYD', 'terminal': '1', 'at': '2023-10-10T11:05:00'}, 'arrival': {'iataCode': 'HKG', 'terminal': '1', 'at': '2023-10-10T17:35:00'}, 'carrierCode': 'CX', 'number': '162', 'aircraft': {'code': '359'}, 'operating': {'carrierCode': 'CX'}, 'duration': 'PT9H30M', 'id': '112', 'numberOfStops': 0, 'blacklistedInEU': False}, {'departure': {'iataCode': 'HKG', 'terminal': '1', 'at': '2023-10-11T09:00:00'}, 'arrival': {'iataCode': 'BKK', 'at': '2023-10-11T10:55:00'}, 'carrierCode': 'CX', 'number': '717', 'aircraft': {'code': '333'}, 'operating': {'carrierCode': 'CX'}, 'duration': 'PT2H55M', 'id': '113', 'numberOfStops': 0, 'blacklistedInEU': False}]}]",['CX'],"[{'travelerId': '1', 'fareOption': 'STANDARD', 'travelerType': 'ADULT', 'price': {'currency': 'EUR', 'total': '398.09', 'base': '210.00'}, 'fareDetailsBySegment': [{'segmentId': '112', 'cabin': 'ECONOMY', 'fareBasis': 'SR21AUIO', 'brandedFare': 'ECONLIGHT', 'class': 'S', 'includedCheckedBags': {'quantity': 1}}, {'segmentId': '113', 'cabin': 'ECONOMY', 'fareBasis': 'SR21AUIO', 'brandedFare': 'ECONLIGHT', 'class': 'S', 'includedCheckedBags': {'quantity': 1}}]}]",EUR,398.09,210.00,"[{'amount': '0.00', 'type': 'SUPPLIER'}, {'amount': '0.00', 'type': 'TICKETING'}]",398.09,['PUBLISHED'],True,
30,flight-offer,31,GDS,False,False,False,2023-10-10,2023-10-10,9,"[{'duration': 'PT29H15M', 'segments': [{'departure': {'iataCode': 'SYD', 'terminal': '1', 'at': '2023-10-10T15:15:00'}, 'arrival': {'iataCode': 'HKG', 'terminal': '1', 'at': '2023-10-10T21:30:00'}, 'carrierCode': 'CX', 'number': '100', 'aircraft': {'code': '359'}, 'operating': {'carrierCode': 'CX'}, 'duration': 'PT9H15M', 'id': '49', 'numberOfStops': 0, 'blacklistedInEU': False}, {'departure': {'iataCode': 'HKG', 'terminal': '1', 'at': '2023-10-11T14:25:00'}, 'arrival': {'iataCode': 'BKK', 'at': '2023-10-11T16:30:00'}, 'carrierCode': 'CX', 'number': '751', 'aircraft': {'code': '333'}, 'operating': {'carrierCode': 'CX'}, 'duration': 'PT3H5M', 'id': '50', 'numberOfStops': 0, 'blacklistedInEU': False}]}]",['CX'],"[{'travelerId': '1', 'fareOption': 'STANDARD', 'travelerType': 'ADULT', 'price': {'currency': 'EUR', 'total': '398.09', 'base': '210.00'}, 'fareDetailsBySegment': [{'segmentId': '49', 'cabin': 'ECONOMY', 'fareBasis': 'SR21AUIO', 'brandedFare': 'ECONLIGHT', 'class': 'S', 'includedCheckedBags': {'quantity': 1}}, {'segmentId': '50', 'cabin': 'ECONOMY', 'fareBasis': 'SR21AUIO', 'brandedFare': 'ECONLIGHT', 'class': 'S', 'includedCheckedBags': {'quantity': 1}}]}]",EUR,398.09,210.00,"[{'amount': '0.00', 'type': 'SUPPLIER'}, {'amount': '0.00', 'type': 'TICKETING'}]",398.09,['PUBLISHED'],True,
31,flight-offer,32,GDS,False,False,False,2023-10-10,2023-10-10,9,"[{'duration': 'PT27H5M', 'segments': [{'departure': {'iataCode': 'SYD', 'terminal': '1', 'at': '2023-10-10T11:15:00'}, 'arrival': {'iataCode': 'SGN', 'terminal': '2', 'at': '2023-10-10T16:10:00'}, 'carrierCode': 'VN', 'number': '772', 'aircraft': {'code': '359'}, 'operating': {'carrierCode': 'VN'}, 'duration': 'PT8H55M', 'id': '15', 'numberOfStops': 0, 'blacklistedInEU': False}, {'departure': {'iataCode': 'SGN', 'terminal': '2', 'at': '2023-10-11T08:35:00'}, 'arrival': {'iataCode': 'BKK', 'at': '2023-10-11T10:20:00'}, 'carrierCode': 'VN', 'number': '601', 'aircraft': {'code': '321'}, 'operating': {'carrierCode': 'VN'}, 'duration': 'PT1H45M', 'id': '16', 'numberOfStops': 0, 'blacklistedInEU': False}]}]",['VN'],"[{'travelerId': '1', 'fareOption': 'STANDARD', 'travelerType': 'ADULT', 'price': {'currency': 'EUR', 'total': '404.68', 'base': '288.00'}, 'fareDetailsBySegment': [{'segmentId': '15', 'cabin': 'ECONOMY', 'fareBasis': 'RLOXAU', 'class': 'R', 'includedCheckedBags': {'quantity': 1}}, {'segmentId': '16', 'cabin': 'ECONOMY', 'fareBasis': 'RLOXAU', 'class': 'L', 'includedCheckedBags': {'quantity': 1}}]}]",EUR,404.68,288.00,"[{'amount': '0.00', 'type': 'SUPPLIER'}, {'amount': '0.00', 'type': 'TICKETING'}]",404.68,['PUBLISHED'],True,"[{'amount': '136.72', 'type': 'CHECKED_BAGS'}]"
32,flight-offer,33,GDS,False,False,False,2023-10-10,2023-10-10,9,"[{'duration': 'PT29H55M', 'segments': [{'departure': {'iataCode': 'SYD', 'terminal': '1', 'at': '2023-10-10T11:15:00'}, 'arrival': {'iataCode': 'SGN', 'terminal': '2', 'at': '2023-10-10T16:10:00'}, 'carrierCode': 'VN', 'number': '772', 'aircraft': {'code': '359'}, 'operating': {'carrierCode': 'VN'}, 'duration': 'PT8H55M', 'id': '124', 'numberOfStops': 0, 'blacklistedInEU': False}, {'departure': {'iataCode': 'SGN', 'terminal': '2', 'at': '2023-10-11T11:25:00'}, 'arrival': {'iataCode': 'BKK', 'at': '2023-10-11T13:10:00'}, 'carrierCode': 'VN', 'number': '605', 'aircraft': {'code': '321'}, 'operating': {'carrierCode': 'VN'}, 'duration': 'PT1H45M', 'id': '125', 'numberOfStops': 0, 'blacklistedInEU': False}]}]",['VN'],"[{'travelerId': '1', 'fareOption': 'STANDARD', 'travelerType': 'ADULT', 'price': {'currency': 'EUR', 'total': '404.68', 'base': '288.00'}, 'fareDetailsBySegment': [{'segmentId': '124', 'cabin': 'ECONOMY', 'fareBasis': 'RLOXAU', 'class': 'R', 'includedCheckedBags': {'quantity': 1}}, {'segmentId': '125', 'cabin': 'ECONOMY', 'fareBasis': 'RLOXAU', 'class': 'L', 'includedCheckedBags': {'quantity': 1}}]}]",EUR,404.68,288.00,"[{'amount': '0.00', 'type': 'SUPPLIER'}, {'amount': '0.00', 'type': 'TICKETING'}]",404.68,['PUBLISHED'],True,"[{'amount': '136.72', 'type': 'CHECKED_BAGS'}]"
33,flight-offer,34,GDS,False,False,False,2023-10-10,2023-10-10,2,"[{'duration': 'PT13H25M', 'segments': [{'departure': {'iataCode': 'SYD', 'terminal': '1', 'at': '2023-10-10T08:35:00'}, 'arrival': {'iataCode': 'HKG', 'terminal': '1', 'at': '2023-10-10T15:00:00'}, 'carrierCode': 'CX', 'number': '110', 'aircraft': {'code': '359'}, 'operating': {'carrierCode': 'CX'}, 'duration': 'PT9H25M', 'id': '60', 'numberOfStops': 0, 'blacklistedInEU': False}, {'departure': {'iataCode': 'HKG', 'terminal': '1', 'at': '2023-10-10T15:55:00'}, 'arrival': {'iataCode': 'BKK', 'at': '2023-10-10T18:00:00'}, 'carrierCode': 'CX', 'number': '701', 'aircraft': {'code': '333'}, 'operating': {'carrierCode': 'CX'}, 'duration': 'PT3H5M', 'id': '61', 'numberOfStops': 0, 'blacklistedInEU': False}]}]",['CX'],"[{'travelerId': '1', 'fareOption': 'STANDARD', 'travelerType': 'ADULT', 'price': {'currency': 'EUR', 'total': '435.12', 'base': '261.00'}, 'fareDetailsBySegment': [{'segmentId': '60', 'cabin': 'ECONOMY', 'fareBasis': 'VR21AUIO', 'brandedFare': 'ECONLIGHT', 'class': 'V', 'includedCheckedBags': {'quantity': 1}}, {'segmentId': '61', 'cabin': 'ECONOMY', 'fareBasis': 'VR21AUIO', 'brandedFare': 'ECONLIGHT', 'class': 'V', 'includedCheckedBags': {'quantity': 1}}]}]",EUR,435.12,261.00,"[{'amount': '0.00', 'type': 'SUPPLIER'}, {'amount': '0.00', 'type': 'TICKETING'}]",435.12,['PUBLISHED'],True,
34,flight-offer,35,GDS,False,False,False,2023-10-10,2023-10-10,8,"[{'duration': 'PT16H5M', 'segments': [{'departure': {'iataCode': 'SYD', 'terminal': '1', 'at': '2023-10-10T22:10:00'}, 'arrival': {'iataCode': 'KUL', 'terminal': '1', 'at': '2023-10-11T04:00:00'}, 'carrierCode': 'MH', 'number': '140', 'aircraft': {'code': '333'}, 'operating': {'carrierCode': 'MH'}, 'duration': 'PT8H50M', 'id': '13', 'numberOfStops': 0, 'blacklistedInEU': False}, {'departure': {'iataCode': 'KUL', 'terminal': '1', 'at': '2023-10-11T09:00:00'}, 'arrival': {'iataCode': 'BKK', 'at': '2023-10-11T10:15:00'}, 'carrierCode': 'MH', 'number': '784', 'aircraft': {'code': '738'}, 'operating': {'carrierCode': 'MH'}, 'duration': 'PT2H15M', 'id': '14', 'numberOfStops': 0, 'blacklistedInEU': False}]}]",['MH'],"[{'travelerId': '1', 'fareOption': 'STANDARD', 'travelerType': 'ADULT', 'price': {'currency': 'EUR', 'total': '448.05', 'base': '374.00'}, 'fareDetailsBySegment': [{'segmentId': '13', 'cabin': 'ECONOMY', 'fareBasis': 'QBXOWAU', 'brandedFare': 'BASIC', 'class': 'Q', 'includedCheckedBags': {'weight': 20, 'weightUnit': 'KG'}}, {'segmentId': '14', 'cabin': 'ECONOMY', 'fareBasis': 'QBXOWAU', 'brandedFare': 'BASIC', 'class': 'Q', 'includedCheckedBags': {'weight': 20, 'weightUnit': 'KG'}}]}]",EUR,448.05,374.00,"[{'amount': '0.00', 'type': 'SUPPLIER'}, {'amount': '0.00', 'type': 'TICKETING'}]",448.05,['PUBLISHED'],True,
35,flight-offer,36,GDS,False,False,False,2023-10-10,2023-10-10,9,"[{'duration': 'PT19H15M', 'segments': [{'departure': {'iataCode': 'SYD', 'terminal': '1', 'at': '2023-10-10T22:10:00'}, 'arrival': {'iataCode': 'KUL', 'terminal': '1', 'at': '2023-10-11T04:00:00'}, 'carrierCode': 'MH', 'number': '140', 'aircraft': {'code': '333'}, 'operating': {'carrierCode': 'MH'}, 'duration': 'PT8H50M', 'id': '37', 'numberOfStops': 0, 'blacklistedInEU': False}, {'departure': {'iataCode': 'KUL', 'terminal': '1', 'at': '2023-10-11T12:10:00'}, 'arrival': {'iataCode': 'BKK', 'at': '2023-10-11T13:25:00'}, 'carrierCode': 'MH', 'number': '788', 'aircraft': {'code': '738'}, 'operating': {'carrierCode': 'MH'}, 'duration': 'PT2H15M', 'id': '38', 'numberOfStops': 0, 'blacklistedInEU': False}]}]",['MH'],"[{'travelerId': '1', 'fareOption': 'STANDARD', 'travelerType': 'ADULT', 'price': {'currency': 'EUR', 'total': '448.05', 'base': '374.00'}, 'fareDetailsBySegment': [{'segmentId': '37', 'cabin': 'ECONOMY', 'fareBasis': 'QBXOWAU', 'brandedFare': 'BASIC', 'class': 'Q', 'includedCheckedBags': {'weight': 20, 'weightUnit': 'KG'}}, {'segmentId': '38', 'cabin': 'ECONOMY', 'fareBasis': 'QBXOWAU', 'brandedFare': 'BASIC', 'class': 'Q', 'includedCheckedBags': {'weight': 20, 'weightUnit': 'KG'}}]}]",EUR,448.05,374.00,"[{'amount': '0.00', 'type': 'SUPPLIER'}, {'amount': '0.00', 'type': 'TICKETING'}]",448.05,['PUBLISHED'],True,
36,flight-offer,37,GDS,False,False,False,2023-10-10,2023-10-10,9,"[{'duration': 'PT22H10M', 'segments': [{'departure': {'iataCode': 'SYD', 'terminal': '1', 'at': '2023-10-10T22:10:00'}, 'arrival': {'iataCode': 'KUL', 'terminal': '1', 'at': '2023-10-11T04:00:00'}, 'carrierCode': 'MH', 'number': '140', 'aircraft': {'code': '333'}, 'operating': {'carrierCode': 'MH'}, 'duration': 'PT8H50M', 'id': '19', 'numberOfStops': 0, 'blacklistedInEU': False}, {'departure': {'iataCode': 'KUL', 'terminal': '1', 'at': '2023-10-11T15:05:00'}, 'arrival': {'iataCode': 'BKK', 'at': '2023-10-11T16:20:00'}, 'carrierCode': 'MH', 'number': '782', 'aircraft': {'code': '738'}, 'operating': {'carrierCode': 'MH'}, 'duration': 'PT2H15M', 'id': '20', 'numberOfStops': 0, 'blacklistedInEU': False}]}]",['MH'],"[{'travelerId': '1', 'fareOption': 'STANDARD', 'travelerType': 'ADULT', 'price': {'currency': 'EUR', 'total': '448.05', 'base': '374.00'}, 'fareDetailsBySegment': [{'segmentId': '19', 'cabin': 'ECONOMY', 'fareBasis': 'QBXOWAU', 'brandedFare': 'BASIC', 'class': 'Q', 'includedCheckedBags': {'weight': 20, 'weightUnit': 'KG'}}, {'segmentId': '20', 'cabin': 'ECONOMY', 'fareBasis': 'QBXOWAU', 'brandedFare': 'BASIC', 'class': 'Q', 'includedCheckedBags': {'weight': 20, 'weightUnit': 'KG'}}]}]",EUR,448.05,374.00,"[{'amount': '0.00', 'type': 'SUPPLIER'}, {'amount': '0.00', 'type': 'TICKETING'}]",448.05,['PUBLISHED'],True,
37,flight-offer,38,GDS,False,False,False,2023-10-10,2023-10-10,9,"[{'duration': 'PT23H10M', 'segments': [{'departure': {'iataCode': 'SYD', 'terminal': '1', 'at': '2023-10-10T22:10:00'}, 'arrival': {'iataCode': 'KUL', 'terminal': '1', 'at': '2023-10-11T04:00:00'}, 'carrierCode': 'MH', 'number': '140', 'aircraft': {'code': '333'}, 'operating': {'carrierCode': 'MH'}, 'duration': 'PT8H50M', 'id': '25', 'numberOfStops': 0, 'blacklistedInEU': False}, {'departure': {'iataCode': 'KUL', 'terminal': '1', 'at': '2023-10-11T16:00:00'}, 'arrival': {'iataCode': 'BKK', 'at': '2023-10-11T17:20:00'}, 'carrierCode': 'MH', 'number': '774', 'aircraft': {'code': '738'}, 'operating': {'carrierCode': 'MH'}, 'duration': 'PT2H20M', 'id': '26', 'numberOfStops': 0, 'blacklistedInEU': False}]}]",['MH'],"[{'travelerId': '1', 'fareOption': 'STANDARD', 'travelerType': 'ADULT', 'price': {'currency': 'EUR', 'total': '448.05', 'base': '374.00'}, 'fareDetailsBySegment': [{'segmentId': '25', 'cabin': 'ECONOMY', 'fareBasis': 'QBXOWAU', 'brandedFare': 'BASIC', 'class': 'Q', 'includedCheckedBags': {'weight': 20, 'weightUnit': 'KG'}}, {'segmentId': '26', 'cabin': 'ECONOMY', 'fareBasis': 'QBXOWAU', 'brandedFare': 'BASIC', 'class': 'Q', 'includedCheckedBags': {'weight': 20, 'weightUnit': 'KG'}}]}]",EUR,448.05,374.00,"[{'amount': '0.00', 'type': 'SUPPLIER'}, {'amount': '0.00', 'type': 'TICKETING'}]",448.05,['PUBLISHED'],True,
38,flight-offer,39,GDS,False,False,False,2023-10-10,2023-10-10,8,"[{'duration': 'PT23H50M', 'segments': [{'departure': {'iataCode': 'SYD', 'terminal': '1', 'at': '2023-10-10T14:25:00'}, 'arrival': {'iataCode': 'KUL', 'terminal': '1', 'at': '2023-10-10T20:15:00'}, 'carrierCode': 'MH', 'number': '122', 'aircraft': {'code': '333'}, 'operating': {'carrierCode': 'MH'}, 'duration': 'PT8H50M', 'id': '110', 'numberOfStops': 0, 'blacklistedInEU': False}, {'departure': {'iataCode': 'KUL', 'terminal': '1', 'at': '2023-10-11T09:00:00'}, 'arrival': {'iataCode': 'BKK', 'at': '2023-10-11T10:15:00'}, 'carrierCode': 'MH', 'number': '784', 'aircraft': {'code': '738'}, 'operating': {'carrierCode': 'MH'}, 'duration': 'PT2H15M', 'id': '111', 'numberOfStops': 0, 'blacklistedInEU': False}]}]",['MH'],"[{'travelerId': '1', 'fareOption': 'STANDARD', 'travelerType': 'ADULT', 'price': {'currency': 'EUR', 'total': '456.66', 'base': '374.00'}, 'fareDetailsBySegment': [{'segmentId': '110', 'cabin': 'ECONOMY', 'fareBasis': 'QBXOWAU', 'brandedFare': 'BASIC', 'class': 'Q', 'includedCheckedBags': {'weight': 20, 'weightUnit': 'KG'}}, {'segmentId': '111', 'cabin': 'ECONOMY', 'fareBasis': 'QBXOWAU', 'brandedFare': 'BASIC', 'class': 'Q', 'includedCheckedBags': {'weight': 20, 'weightUnit': 'KG'}}]}]",EUR,456.66,374.00,"[{'amount': '0.00', 'type': 'SUPPLIER'}, {'amount': '0.00', 'type': 'TICKETING'}]",456.66,['PUBLISHED'],True,
39,flight-offer,40,GDS,False,False,False,2023-10-10,2023-10-10,9,"[{'duration': 'PT24H45M', 'segments': [{'departure': {'iataCode': 'SYD', 'terminal': '1', 'at': '2023-10-10T22:10:00'}, 'arrival': {'iataCode': 'KUL', 'terminal': '1', 'at': '2023-10-11T04:00:00'}, 'carrierCode': 'MH', 'number': '140', 'aircraft': {'code': '333'}, 'operating': {'carrierCode': 'MH'}, 'duration': 'PT8H50M', 'id': '104', 'numberOfStops': 0, 'blacklistedInEU': False}, {'departure': {'iataCode': 'KUL', 'terminal': '1', 'at': '2023-10-11T17:45:00'}, 'arrival': {'iataCode': 'BKK', 'at': '2023-10-11T18:55:00'}, 'carrierCode': 'MH', 'number': '780', 'aircraft': {'code': '738'}, 'operating': {'carrierCode': 'MH'}, 'duration': 'PT2H10M', 'id': '105', 'numberOfStops': 0, 'blacklistedInEU': False}]}]",['MH'],"[{'travelerId': '1', 'fareOption': 'STANDARD', 'travelerType': 'ADULT', 'price': {'currency': 'EUR', 'total': '456.66', 'base': '374.00'}, 'fareDetailsBySegment': [{'segmentId': '104', 'cabin': 'ECONOMY', 'fareBasis': 'QBXOWAU', 'brandedFare': 'BASIC', 'class': 'Q', 'includedCheckedBags': {'weight': 20, 'weightUnit': 'KG'}}, {'segmentId': '105', 'cabin': 'ECONOMY', 'fareBasis': 'QBXOWAU', 'brandedFare': 'BASIC', 'class': 'Q', 'includedCheckedBags': {'weight': 20, 'weightUnit': 'KG'}}]}]",EUR,456.66,374.00,"[{'amount': '0.00', 'type': 'SUPPLIER'}, {'amount': '0.00', 'type': 'TICKETING'}]",456.66,['PUBLISHED'],True,
40,flight-offer,41,GDS,False,False,False,2023-10-10,2023-10-10,9,"[{'duration': 'PT27H', 'segments': [{'departure': {'iataCode': 'SYD', 'terminal': '1', 'at': '2023-10-10T14:25:00'}, 'arrival': {'iataCode': 'KUL', 'terminal': '1', 'at': '2023-10-10T20:15:00'}, 'carrierCode': 'MH', 'number': '122', 'aircraft': {'code': '333'}, 'operating': {'carrierCode': 'MH'}, 'duration': 'PT8H50M', 'id': '7', 'numberOfStops': 0, 'blacklistedInEU': False}, {'departure': {'iataCode': 'KUL', 'terminal': '1', 'at': '2023-10-11T12:10:00'}, 'arrival': {'iataCode': 'BKK', 'at': '2023-10-11T13:25:00'}, 'carrierCode': 'MH', 'number': '788', 'aircraft': {'code': '738'}, 'operating': {'carrierCode': 'MH'}, 'duration': 'PT2H15M', 'id': '8', 'numberOfStops': 0, 'blacklistedInEU': False}]}]",['MH'],"[{'travelerId': '1', 'fareOption': 'STANDARD', 'travelerType': 'ADULT', 'price': {'currency': 'EUR', 'total': '456.66', 'base': '374.00'}, 'fareDetailsBySegment': [{'segmentId': '7', 'cabin': 'ECONOMY', 'fareBasis': 'QBXOWAU', 'brandedFare': 'BASIC', 'class': 'Q', 'includedCheckedBags': {'weight': 20, 'weightUnit': 'KG'}}, {'segmentId': '8', 'cabin': 'ECONOMY', 'fareBasis': 'QBXOWAU', 'brandedFare': 'BASIC', 'class': 'Q', 'includedCheckedBags': {'weight': 20, 'weightUnit': 'KG'}}]}]",EUR,456.66,374.00,"[{'amount': '0.00', 'type': 'SUPPLIER'}, {'amount': '0.00', 'type': 'TICKETING'}]",456.66,['PUBLISHED'],True,
41,flight-offer,42,GDS,False,False,False,2023-07-18,2023-07-18,9,"[{'duration': 'PT9H50M', 'segments': [{'departure': {'iataCode': 'SYD', 'terminal': '1', 'at': '2023-10-10T10:50:00'}, 'arrival': {'iataCode': 'BKK', 'at': '2023-10-10T16:40:00'}, 'carrierCode': 'EK', 'number': '5023', 'aircraft': {'code': '333'}, 'operating': {'carrierCode': 'QF'}, 'duration': 'PT9H50M', 'id': '108', 'numberOfStops': 0, 'blacklistedInEU': False}]}]",['EK'],"[{'travelerId': '1', 'fareOption': 'STANDARD', 'travelerType': 'ADULT', 'price': {'currency': 'EUR', 'total': '464.27', 'base': '407.00'}, 'fareDetailsBySegment': [{'segmentId': '108', 'cabin': 'ECONOMY', 'fareBasis': 'QLEOPAU1', 'brandedFare': 'ECOSAVER', 'class': 'Q', 'includedCheckedBags': {'weight': 30, 'weightUnit': 'KG'}}]}]",EUR,464.27,407.00,"[{'amount': '0.00', 'type': 'SUPPLIER'}, {'amount': '0.00', 'type': 'TICKETING'}]",464.27,['PUBLISHED'],True,
42,flight-offer,43,GDS,False,False,False,2023-09-30,2023-09-30,9,"[{'duration': 'PT9H20M', 'segments': [{'departure': {'iataCode': 'SYD', 'terminal': '1', 'at': '2023-10-10T11:00:00'}, 'arrival': {'iataCode': 'BKK', 'at': '2023-10-10T16:20:00'}, 'carrierCode': 'TG', 'number': '476', 'aircraft': {'code': '77W'}, 'operating': {'carrierCode': 'TG'}, 'duration': 'PT9H20M', 'id': '51', 'numberOfStops': 0, 'blacklistedInEU': False}]}]",['TG'],"[{'travelerId': '1', 'fareOption': 'STANDARD', 'travelerType': 'ADULT', 'price': {'currency': 'EUR', 'total': '464.86', 'base': '399.00'}, 'fareDetailsBySegment': [{'segmentId': '51', 'cabin': 'ECONOMY', 'fareBasis': 'V1LOFX', 'class': 'V', 'includedCheckedBags': {'weight': 30, 'weightUnit': 'KG'}}]}]",EUR,464.86,399.00,"[{'amount': '0.00', 'type': 'SUPPLIER'}, {'amount': '0.00', 'type': 'TICKETING'}]",464.86,['PUBLISHED'],True,
43,flight-offer,44,GDS,False,False,False,2023-10-10,2023-10-10,9,"[{'duration': 'PT20H20M', 'segments': [{'departure': {'iataCode': 'SYD', 'terminal': '1', 'at': '2023-10-10T22:10:00'}, 'arrival': {'iataCode': 'KUL', 'terminal': '1', 'at': '2023-10-11T04:00:00'}, 'carrierCode': 'MH', 'number': '140', 'aircraft': {'code': '333'}, 'operating': {'carrierCode': 'MH'}, 'duration': 'PT8H50M', 'id': '54', 'numberOfStops': 0, 'blacklistedInEU': False}, {'departure': {'iataCode': 'KUL', 'terminal': '1', 'at': '2023-10-11T13:20:00'}, 'arrival': {'iataCode': 'BKK', 'at': '2023-10-11T14:30:00'}, 'carrierCode': 'MH', 'number': '5860', 'aircraft': {'code': '788'}, 'operating': {'carrierCode': 'TG'}, 'duration': 'PT2H10M', 'id': '55', 'numberOfStops': 0, 'blacklistedInEU': False}]}]",['MH'],"[{'travelerId': '1', 'fareOption': 'STANDARD', 'travelerType': 'ADULT', 'price': {'currency': 'EUR', 'total': '523.05', 'base': '449.00'}, 'fareDetailsBySegment': [{'segmentId': '54', 'cabin': 'ECONOMY', 'fareBasis': 'SBXOWAU', 'brandedFare': 'BASIC', 'class': 'S', 'includedCheckedBags': {'weight': 20, 'weightUnit': 'KG'}}, {'segmentId': '55', 'cabin': 'ECONOMY', 'fareBasis': 'SBXOWAU', 'brandedFare': 'BASIC', 'class': 'S', 'includedCheckedBags': {'weight': 20, 'weightUnit': 'KG'}}]}]",EUR,523.05,449.00,"[{'amount': '0.00', 'type': 'SUPPLIER'}, {'amount': '0.00', 'type': 'TICKETING'}]",523.05,['PUBLISHED'],True,
44,flight-offer,45,GDS,False,False,False,2023-10-10,2023-10-10,9,"[{'duration': 'PT27H55M', 'segments': [{'departure': {'iataCode': 'SYD', 'terminal': '1', 'at': '2023-10-10T22:10:00'}, 'arrival': {'iataCode': 'KUL', 'terminal': '1', 'at': '2023-10-11T04:00:00'}, 'carrierCode': 'MH', 'number': '140', 'aircraft': {'code': '333'}, 'operating': {'carrierCode': 'MH'}, 'duration': 'PT8H50M', 'id': '122', 'numberOfStops': 0, 'blacklistedInEU': False}, {'departure': {'iataCode': 'KUL', 'terminal': '1', 'at': '2023-10-11T20:55:00'}, 'arrival': {'iataCode': 'BKK', 'at': '2023-10-11T22:05:00'}, 'carrierCode': 'MH', 'number': '5862', 'aircraft': {'code': '789'}, 'operating': {'carrierCode': 'TG'}, 'duration': 'PT2H10M', 'id': '123', 'numberOfStops': 0, 'blacklistedInEU': False}]}]",['MH'],"[{'travelerId': '1', 'fareOption': 'STANDARD', 'travelerType': 'ADULT', 'price': {'currency': 'EUR', 'total': '531.66', 'base': '449.00'}, 'fareDetailsBySegment': [{'segmentId': '122', 'cabin': 'ECONOMY', 'fareBasis': 'SBXOWAU', 'brandedFare': 'BASIC', 'class': 'S', 'includedCheckedBags': {'weight': 20, 'weightUnit': 'KG'}}, {'segmentId': '123', 'cabin': 'ECONOMY', 'fareBasis': 'SBXOWAU', 'brandedFare': 'BASIC', 'class': 'S', 'includedCheckedBags': {'weight': 20, 'weightUnit': 'KG'}}]}]",EUR,531.66,449.00,"[{'amount': '0.00', 'type': 'SUPPLIER'}, {'amount': '0.00', 'type': 'TICKETING'}]",531.66,['PUBLISHED'],True,
45,flight-offer,46,GDS,False,False,False,2023-10-10,2023-10-10,8,"[{'duration': 'PT15H35M', 'segments': [{'departure': {'iataCode': 'SYD', 'terminal': '1', 'at': '2023-10-10T22:10:00'}, 'arrival': {'iataCode': 'TPE', 'terminal': '2', 'at': '2023-10-11T04:40:00'}, 'carrierCode': 'CI', 'number': '52', 'aircraft': {'code': '359'}, 'operating': {'carrierCode': 'CI'}, 'duration': 'PT9H30M', 'id': '76', 'numberOfStops': 0, 'blacklistedInEU': False}, {'departure': {'iataCode': 'TPE', 'terminal': '1', 'at': '2023-10-11T07:10:00'}, 'arrival': {'iataCode': 'BKK', 'at': '2023-10-11T09:45:00'}, 'carrierCode': 'CI', 'number': '833', 'aircraft': {'code': '333'}, 'operating': {'carrierCode': 'CI'}, 'duration': 'PT3H35M', 'id': '77', 'numberOfStops': 0, 'blacklistedInEU': False}]}]",['CI'],"[{'travelerId': '1', 'fareOption': 'STANDARD', 'travelerType': 'ADULT', 'price': {'currency': 'EUR', 'total': '543.20', 'base': '407.00'}, 'fareDetailsBySegment': [{'segmentId': '76', 'cabin': 'ECONOMY', 'fareBasis': 'TLOAU', 'class': 'T', 'includedCheckedBags': {'quantity': 2}}, {'segmentId': '77', 'cabin': 'ECONOMY', 'fareBasis': 'TLOAU', 'class': 'T', 'includedCheckedBags': {'quantity': 2}}]}]",EUR,543.20,407.00,"[{'amount': '0.00', 'type': 'SUPPLIER'}, {'amount': '0.00', 'type': 'TICKETING'}]",543.20,['PUBLISHED'],True,
46,flight-offer,47,GDS,False,False,False,2023-10-10,2023-10-10,8,"[{'duration': 'PT18H', 'segments': [{'departure': {'iataCode': 'SYD', 'terminal': '1', 'at': '2023-10-10T22:10:00'}, 'arrival': {'iataCode': 'TPE', 'terminal': '2', 'at': '2023-10-11T04:40:00'}, 'carrierCode': 'CI', 'number': '52', 'aircraft': {'code': '359'}, 'operating': {'carrierCode': 'CI'}, 'duration': 'PT9H30M', 'id': '3', 'numberOfStops': 0, 'blacklistedInEU': False}, {'departure': {'iataCode': 'TPE', 'terminal': '1', 'at': '2023-10-11T09:25:00'}, 'arrival': {'iataCode': 'BKK', 'at': '2023-10-11T12:10:00'}, 'carrierCode': 'CI', 'number': '831', 'aircraft': {'code': '359'}, 'operating': {'carrierCode': 'CI'}, 'duration': 'PT3H45M', 'id': '4', 'numberOfStops': 0, 'blacklistedInEU': False}]}]",['CI'],"[{'travelerId': '1', 'fareOption': 'STANDARD', 'travelerType': 'ADULT', 'price': {'currency': 'EUR', 'total': '543.20', 'base': '407.00'}, 'fareDetailsBySegment': [{'segmentId': '3', 'cabin': 'ECONOMY', 'fareBasis': 'TLOAU', 'class': 'T', 'includedCheckedBags': {'quantity': 2}}, {'segmentId': '4', 'cabin': 'ECONOMY', 'fareBasis': 'TLOAU', 'class': 'T', 'includedCheckedBags': {'quantity': 2}}]}]",EUR,543.20,407.00,"[{'amount': '0.00', 'type': 'SUPPLIER'}, {'amount': '0.00', 'type': 'TICKETING'}]",543.20,['PUBLISHED'],True,
47,flight-offer,48,GDS,False,False,False,2023-10-10,2023-10-10,8,"[{'duration': 'PT22H10M', 'segments': [{'departure': {'iataCode': 'SYD', 'terminal': '1', 'at': '2023-10-10T22:10:00'}, 'arrival': {'iataCode': 'TPE', 'terminal': '2', 'at': '2023-10-11T04:40:00'}, 'carrierCode': 'CI', 'number': '52', 'aircraft': {'code': '359'}, 'operating': {'carrierCode': 'CI'}, 'duration': 'PT9H30M', 'id': '21', 'numberOfStops': 0, 'blacklistedInEU': False}, {'departure': {'iataCode': 'TPE', 'terminal': '1', 'at': '2023-10-11T13:35:00'}, 'arrival': {'iataCode': 'BKK', 'at': '2023-10-11T16:20:00'}, 'carrierCode': 'CI', 'number': '835', 'aircraft': {'code': '333'}, 'operating': {'carrierCode': 'CI'}, 'duration': 'PT3H45M', 'id': '22', 'numberOfStops': 0, 'blacklistedInEU': False}]}]",['CI'],"[{'travelerId': '1', 'fareOption': 'STANDARD', 'travelerType': 'ADULT', 'price': {'currency': 'EUR', 'total': '543.20', 'base': '407.00'}, 'fareDetailsBySegment': [{'segmentId': '21', 'cabin': 'ECONOMY', 'fareBasis': 'TLOAU', 'class': 'T', 'includedCheckedBags': {'quantity': 2}}, {'segmentId': '22', 'cabin': 'ECONOMY', 'fareBasis': 'TLOAU', 'class': 'T', 'includedCheckedBags': {'quantity': 2}}]}]",EUR,543.20,407.00,"[{'amount': '0.00', 'type': 'SUPPLIER'}, {'amount': '0.00', 'type': 'TICKETING'}]",543.20,['PUBLISHED'],True,
48,flight-offer,49,GDS,False,False,False,2023-10-10,2023-10-10,9,"[{'duration': 'PT13H30M', 'segments': [{'departure': {'iataCode': 'SYD', 'terminal': '1', 'at': '2023-10-10T11:05:00'}, 'arrival': {'iataCode': 'HKG', 'terminal': '1', 'at': '2023-10-10T17:35:00'}, 'carrierCode': 'CX', 'number': '162', 'aircraft': {'code': '359'}, 'operating': {'carrierCode': 'CX'}, 'duration': 'PT9H30M', 'id': '66', 'numberOfStops': 0, 'blacklistedInEU': False}, {'departure': {'iataCode': 'HKG', 'terminal': '1', 'at': '2023-10-10T18:35:00'}, 'arrival': {'iataCode': 'BKK', 'at': '2023-10-10T20:35:00'}, 'carrierCode': 'CX', 'number': '703', 'aircraft': {'code': '333'}, 'operating': {'carrierCode': 'CX'}, 'duration': 'PT3H', 'id': '67', 'numberOfStops': 0, 'blacklistedInEU': False}]}]",['CX'],"[{'travelerId': '1', 'fareOption': 'STANDARD', 'travelerType': 'ADULT', 'price': {'currency': 'EUR', 'total': '550.12', 'base': '376.00'}, 'fareDetailsBySegment': [{'segmentId': '66', 'cabin': 'ECONOMY', 'fareBasis': 'MR21AUIO', 'brandedFare': 'ECONLIGHT', 'class': 'M', 'includedCheckedBags': {'quantity': 1}}, {'segmentId': '67', 'cabin': 'ECONOMY', 'fareBasis': 'MR21AUIO', 'brandedFare': 'ECONLIGHT', 'class': 'M', 'includedCheckedBags': {'quantity': 1}}]}]",EUR,550.12,376.00,"[{'amount': '0.00', 'type': 'SUPPLIER'}, {'amount': '0.00', 'type': 'TICKETING'}]",550.12,['PUBLISHED'],True,
49,flight-offer,50,GDS,False,False,False,2023-10-10,2023-10-10,9,"[{'duration': 'PT16H', 'segments': [{'departure': {'iataCode': 'SYD', 'terminal': '1', 'at': '2023-10-10T08:35:00'}, 'arrival': {'iataCode': 'HKG', 'terminal': '1', 'at': '2023-10-10T15:00:00'}, 'carrierCode': 'CX', 'number': '110', 'aircraft': {'code': '359'}, 'operating': {'carrierCode': 'CX'}, 'duration': 'PT9H25M', 'id': '1', 'numberOfStops': 0, 'blacklistedInEU': False}, {'departure': {'iataCode': 'HKG', 'terminal': '1', 'at': '2023-10-10T18:35:00'}, 'arrival': {'iataCode': 'BKK', 'at': '2023-10-10T20:35:00'}, 'carrierCode': 'CX', 'number': '703', 'aircraft': {'code': '333'}, 'operating': {'carrierCode': 'CX'}, 'duration': 'PT3H', 'id': '2', 'numberOfStops': 0, 'blacklistedInEU': False}]}]",['CX'],"[{'travelerId': '1', 'fareOption': 'STANDARD', 'travelerType': 'ADULT', 'price': {'currency': 'EUR', 'total': '550.12', 'base': '376.00'}, 'fareDetailsBySegment': [{'segmentId': '1', 'cabin': 'ECONOMY', 'fareBasis': 'MR21AUIO', 'brandedFare': 'ECONLIGHT', 'class': 'M', 'includedCheckedBags': {'quantity': 1}}, {'segmentId': '2', 'cabin': 'ECONOMY', 'fareBasis': 'MR21AUIO', 'brandedFare': 'ECONLIGHT', 'class': 'M', 'includedCheckedBags': {'quantity': 1}}]}]",EUR,550.12,376.00,"[{'amount': '0.00', 'type': 'SUPPLIER'}, {'amount': '0.00', 'type': 'TICKETING'}]",550.12,['PUBLISHED'],True,
50,flight-offer,51,GDS,False,False,False,2023-10-10,2023-10-10,9,"[{'duration': 'PT19H15M', 'segments': [{'departure': {'iataCode': 'SYD', 'terminal': '1', 'at': '2023-10-10T08:35:00'}, 'arrival': {'iataCode': 'HKG', 'terminal': '1', 'at': '2023-10-10T15:00:00'}, 'carrierCode': 'CX', 'number': '110', 'aircraft': {'code': '359'}, 'operating': {'carrierCode': 'CX'}, 'duration': 'PT9H25M', 'id': '35', 'numberOfStops': 0, 'blacklistedInEU': False}, {'departure': {'iataCode': 'HKG', 'terminal': '1', 'at': '2023-10-10T21:50:00'}, 'arrival': {'iataCode': 'BKK', 'at': '2023-10-10T23:50:00'}, 'carrierCode': 'CX', 'number': '617', 'aircraft': {'code': '333'}, 'operating': {'carrierCode': 'CX'}, 'duration': 'PT3H', 'id': '36', 'numberOfStops': 0, 'blacklistedInEU': False}]}]",['CX'],"[{'travelerId': '1', 'fareOption': 'STANDARD', 'travelerType': 'ADULT', 'price': {'currency': 'EUR', 'total': '550.12', 'base': '376.00'}, 'fareDetailsBySegment': [{'segmentId': '35', 'cabin': 'ECONOMY', 'fareBasis': 'MR21AUIO', 'brandedFare': 'ECONLIGHT', 'class': 'M', 'includedCheckedBags': {'quantity': 1}}, {'segmentId': '36', 'cabin': 'ECONOMY', 'fareBasis': 'MR21AUIO', 'brandedFare': 'ECONLIGHT', 'class': 'M', 'includedCheckedBags': {'quantity': 1}}]}]",EUR,550.12,376.00,"[{'amount': '0.00', 'type': 'SUPPLIER'}, {'amount': '0.00', 'type': 'TICKETING'}]",550.12,['PUBLISHED'],True,
51,flight-offer,52,GDS,False,False,False,2023-07-31,2023-07-31,9,"[{'duration': 'PT9H50M', 'segments': [{'departure': {'iataCode': 'SYD', 'terminal': '1', 'at': '2023-10-10T10:50:00'}, 'arrival': {'iataCode': 'BKK', 'at': '2023-10-10T16:40:00'}, 'carrierCode': 'QF', 'number': '23', 'aircraft': {'code': '333'}, 'operating': {'carrierCode': 'QF'}, 'duration': 'PT9H50M', 'id': '109', 'numberOfStops': 0, 'blacklistedInEU': False}]}]",['QF'],"[{'travelerId': '1', 'fareOption': 'STANDARD', 'travelerType': 'ADULT', 'price': {'currency': 'EUR', 'total': '554.27', 'base': '486.00'}, 'fareDetailsBySegment': [{'segmentId': '109', 'cabin': 'ECONOMY', 'fareBasis': 'SLATDO', 'class': 'S', 'includedCheckedBags': {'weight': 30, 'weightUnit': 'KG'}}]}]",EUR,554.27,486.00,"[{'amount': '0.00', 'type': 'SUPPLIER'}, {'amount': '0.00', 'type': 'TICKETING'}]",554.27,['PUBLISHED'],True,
52,flight-offer,53,GDS,False,False,False,2023-10-10,2023-10-10,9,"[{'duration': 'PT19H', 'segments': [{'departure': {'iataCode': 'SYD', 'terminal': '1', 'at': '2023-10-10T08:50:00'}, 'arrival': {'iataCode': 'ICN', 'terminal': '2', 'at': '2023-10-10T17:45:00'}, 'carrierCode': 'KE', 'number': '402', 'aircraft': {'code': '333'}, 'operating': {'carrierCode': 'KE'}, 'duration': 'PT10H55M', 'id': '5', 'numberOfStops': 0, 'blacklistedInEU': False}, {'departure': {'iataCode': 'ICN', 'terminal': '2', 'at': '2023-10-10T19:45:00'}, 'arrival': {'iataCode': 'BKK', 'at': '2023-10-10T23:50:00'}, 'carrierCode': 'KE', 'number': '659', 'aircraft': {'code': '333'}, 'operating': {'carrierCode': 'KE'}, 'duration': 'PT6H5M', 'id': '6', 'numberOfStops': 0, 'blacklistedInEU': False}]}]",['KE'],"[{'travelerId': '1', 'fareOption': 'STANDARD', 'travelerType': 'ADULT', 'price': {'currency': 'EUR', 'total': '785.53', 'base': '711.00'}, 'fareDetailsBySegment': [{'segmentId': '5', 'cabin': 'ECONOMY', 'fareBasis': 'ELE00RZS', 'class': 'E', 'includedCheckedBags': {'quantity': 1}}, {'segmentId': '6', 'cabin': 'ECONOMY', 'fareBasis': 'ELE00RZS', 'class': 'E', 'includedCheckedBags': {'quantity': 1}}]}]",EUR,785.53,711.00,"[{'amount': '0.00', 'type': 'SUPPLIER'}, {'amount': '0.00', 'type': 'TICKETING'}]",785.53,['PUBLISHED'],True,
53,flight-offer,54,GDS,False,False,False,2023-10-10,2023-10-10,9,"[{'duration': 'PT12H30M', 'segments': [{'departure': {'iataCode': 'SYD', 'terminal': '1', 'at': '2023-10-10T08:55:00'}, 'arrival': {'iataCode': 'SIN', 'terminal': '0', 'at': '2023-10-10T14:15:00'}, 'carrierCode': 'SQ', 'number': '212', 'aircraft': {'code': '77W'}, 'operating': {'carrierCode': 'SQ'}, 'duration': 'PT8H20M', 'id': '64', 'numberOfStops': 0, 'blacklistedInEU': False}, {'departure': {'iataCode': 'SIN', 'terminal': '2', 'at': '2023-10-10T16:00:00'}, 'arrival': {'iataCode': 'BKK', 'at': '2023-10-10T17:25:00'}, 'carrierCode': 'SQ', 'number': '712', 'aircraft': {'code': '787'}, 'operating': {'carrierCode': 'SQ'}, 'duration': 'PT2H25M', 'id': '65', 'numberOfStops': 0, 'blacklistedInEU': False}]}]",['SQ'],"[{'travelerId': '1', 'fareOption': 'STANDARD', 'travelerType': 'ADULT', 'price': {'currency': 'EUR', 'total': '2283.51', 'base': '2196.00'}, 'fareDetailsBySegment': [{'segmentId': '64', 'cabin': 'ECONOMY', 'fareBasis': 'YIFSQ', 'class': 'Y', 'includedCheckedBags': {'weight': 30, 'weightUnit': 'KG'}}, {'segmentId': '65', 'cabin': 'ECONOMY', 'fareBasis': 'YIFSQ', 'class': 'Y', 'includedCheckedBags': {'weight': 30, 'weightUnit': 'KG'}}]}]",EUR,2283.51,2196.00,"[{'amount': '0.00', 'type': 'SUPPLIER'}, {'amount': '0.00', 'type': 'TICKETING'}]",2283.51,['PUBLISHED'],True,
54,flight-offer,55,GDS,False,False,False,2023-10-10,2023-10-10,9,"[{'duration': 'PT14H5M', 'segments': [{'departure': {'iataCode': 'SYD', 'terminal': '1', 'at': '2023-10-10T08:55:00'}, 'arrival': {'iataCode': 'SIN', 'terminal': '0', 'at': '2023-10-10T14:15:00'}, 'carrierCode': 'SQ', 'number': '212', 'aircraft': {'code': '77W'}, 'operating': {'carrierCode': 'SQ'}, 'duration': 'PT8H20M', 'id': '9', 'numberOfStops': 0, 'blacklistedInEU': False}, {'departure': {'iataCode': 'SIN', 'terminal': '2', 'at': '2023-10-10T17:30:00'}, 'arrival': {'iataCode': 'BKK', 'at': '2023-10-10T19:00:00'}, 'carrierCode': 'SQ', 'number': '714', 'aircraft': {'code': '787'}, 'operating': {'carrierCode': 'SQ'}, 'duration': 'PT2H30M', 'id': '10', 'numberOfStops': 0, 'blacklistedInEU': False}]}]",['SQ'],"[{'travelerId': '1', 'fareOption': 'STANDARD', 'travelerType': 'ADULT', 'price': {'currency': 'EUR', 'total': '2283.51', 'base': '2196.00'}, 'fareDetailsBySegment': [{'segmentId': '9', 'cabin': 'ECONOMY', 'fareBasis': 'YIFSQ', 'class': 'Y', 'includedCheckedBags': {'weight': 30, 'weightUnit': 'KG'}}, {'segmentId': '10', 'cabin': 'ECONOMY', 'fareBasis': 'YIFSQ', 'class': 'Y', 'includedCheckedBags': {'weight': 30, 'weightUnit': 'KG'}}]}]",EUR,2283.51,2196.00,"[{'amount': '0.00', 'type': 'SUPPLIER'}, {'amount': '0.00', 'type': 'TICKETING'}]",2283.51,['PUBLISHED'],True,
55,flight-offer,56,GDS,False,False,False,2023-10-10,2023-10-10,9,"[{'duration': 'PT17H30M', 'segments': [{'departure': {'iataCode': 'SYD', 'terminal': '1', 'at': '2023-10-10T19:05:00'}, 'arrival': {'iataCode': 'SIN', 'terminal': '0', 'at': '2023-10-11T00:20:00'}, 'carrierCode': 'SQ', 'number': '242', 'aircraft': {'code': '359'}, 'operating': {'carrierCode': 'SQ'}, 'duration': 'PT8H15M', 'id': '68', 'numberOfStops': 0, 'blacklistedInEU': False}, {'departure': {'iataCode': 'SIN', 'terminal': '2', 'at': '2023-10-11T07:10:00'}, 'arrival': {'iataCode': 'BKK', 'at': '2023-10-11T08:35:00'}, 'carrierCode': 'SQ', 'number': '706', 'aircraft': {'code': '787'}, 'operating': {'carrierCode': 'SQ'}, 'duration': 'PT2H25M', 'id': '69', 'numberOfStops': 0, 'blacklistedInEU': False}]}]",['SQ'],"[{'travelerId': '1', 'fareOption': 'STANDARD', 'travelerType': 'ADULT', 'price': {'currency': 'EUR', 'total': '2283.51', 'base': '2196.00'}, 'fareDetailsBySegment': [{'segmentId': '68', 'cabin': 'ECONOMY', 'fareBasis': 'YIFSQ', 'class': 'Y', 'includedCheckedBags': {'weight': 30, 'weightUnit': 'KG'}}, {'segmentId': '69', 'cabin': 'ECONOMY', 'fareBasis': 'YIFSQ', 'class': 'Y', 'includedCheckedBags': {'weight': 30, 'weightUnit': 'KG'}}]}]",EUR,2283.51,2196.00,"[{'amount': '0.00', 'type': 'SUPPLIER'}, {'amount': '0.00', 'type': 'TICKETING'}]",2283.51,['PUBLISHED'],True,
56,flight-offer,57,GDS,False,False,False,2023-10-10,2023-10-10,9,"[{'duration': 'PT19H55M', 'segments': [{'departure': {'iataCode': 'SYD', 'terminal': '1', 'at': '2023-10-10T19:05:00'}, 'arrival': {'iataCode': 'SIN', 'terminal': '0', 'at': '2023-10-11T00:20:00'}, 'carrierCode': 'SQ', 'number': '242', 'aircraft': {'code': '359'}, 'operating': {'carrierCode': 'SQ'}, 'duration': 'PT8H15M', 'id': '116', 'numberOfStops': 0, 'blacklistedInEU': False}, {'departure': {'iataCode': 'SIN', 'terminal': '2', 'at': '2023-10-11T09:30:00'}, 'arrival': {'iataCode': 'BKK', 'at': '2023-10-11T11:00:00'}, 'carrierCode': 'SQ', 'number': '708', 'aircraft': {'code': '787'}, 'operating': {'carrierCode': 'SQ'}, 'duration': 'PT2H30M', 'id': '117', 'numberOfStops': 0, 'blacklistedInEU': False}]}]",['SQ'],"[{'travelerId': '1', 'fareOption': 'STANDARD', 'travelerType': 'ADULT', 'price': {'currency': 'EUR', 'total': '2283.51', 'base': '2196.00'}, 'fareDetailsBySegment': [{'segmentId': '116', 'cabin': 'ECONOMY', 'fareBasis': 'YIFSQ', 'class': 'Y', 'includedCheckedBags': {'weight': 30, 'weightUnit': 'KG'}}, {'segmentId': '117', 'cabin': 'ECONOMY', 'fareBasis': 'YIFSQ', 'class': 'Y', 'includedCheckedBags': {'weight': 30, 'weightUnit': 'KG'}}]}]",EUR,2283.51,2196.00,"[{'amount': '0.00', 'type': 'SUPPLIER'}, {'amount': '0.00', 'type': 'TICKETING'}]",2283.51,['PUBLISHED'],True,
57,flight-offer,58,GDS,False,False,False,2023-10-10,2023-10-10,9,"[{'duration': 'PT23H15M', 'segments': [{'departure': {'iataCode': 'SYD', 'terminal': '1', 'at': '2023-10-10T19:05:00'}, 'arrival': {'iataCode': 'SIN', 'terminal': '0', 'at': '2023-10-11T00:20:00'}, 'carrierCode': 'SQ', 'number': '242', 'aircraft': {'code': '359'}, 'operating': {'carrierCode': 'SQ'}, 'duration': 'PT8H15M', 'id': '39', 'numberOfStops': 0, 'blacklistedInEU': False}, {'departure': {'iataCode': 'SIN', 'terminal': '2', 'at': '2023-10-11T12:50:00'}, 'arrival': {'iataCode': 'BKK', 'at': '2023-10-11T14:20:00'}, 'carrierCode': 'SQ', 'number': '710', 'aircraft': {'code': '787'}, 'operating': {'carrierCode': 'SQ'}, 'duration': 'PT2H30M', 'id': '40', 'numberOfStops': 0, 'blacklistedInEU': False}]}]",['SQ'],"[{'travelerId': '1', 'fareOption': 'STANDARD', 'travelerType': 'ADULT', 'price': {'currency': 'EUR', 'total': '2283.51', 'base': '2196.00'}, 'fareDetailsBySegment': [{'segmentId': '39', 'cabin': 'ECONOMY', 'fareBasis': 'YIFSQ', 'class': 'Y', 'includedCheckedBags': {'weight': 30, 'weightUnit': 'KG'}}, {'segmentId': '40', 'cabin': 'ECONOMY', 'fareBasis': 'YIFSQ', 'class': 'Y', 'includedCheckedBags': {'weight': 30, 'weightUnit': 'KG'}}]}]",EUR,2283.51,2196.00,"[{'amount': '0.00', 'type': 'SUPPLIER'}, {'amount': '0.00', 'type': 'TICKETING'}]",2283.51,['PUBLISHED'],True,
58,flight-offer,59,GDS,False,False,False,2023-10-10,2023-10-10,9,"[{'duration': 'PT26H20M', 'segments': [{'departure': {'iataCode': 'SYD', 'terminal': '1', 'at': '2023-10-10T19:05:00'}, 'arrival': {'iataCode': 'SIN', 'terminal': '0', 'at': '2023-10-11T00:20:00'}, 'carrierCode': 'SQ', 'number': '242', 'aircraft': {'code': '359'}, 'operating': {'carrierCode': 'SQ'}, 'duration': 'PT8H15M', 'id': '56', 'numberOfStops': 0, 'blacklistedInEU': False}, {'departure': {'iataCode': 'SIN', 'terminal': '2', 'at': '2023-10-11T16:00:00'}, 'arrival': {'iataCode': 'BKK', 'at': '2023-10-11T17:25:00'}, 'carrierCode': 'SQ', 'number': '712', 'aircraft': {'code': '787'}, 'operating': {'carrierCode': 'SQ'}, 'duration': 'PT2H25M', 'id': '57', 'numberOfStops': 0, 'blacklistedInEU': False}]}]",['SQ'],"[{'travelerId': '1', 'fareOption': 'STANDARD', 'travelerType': 'ADULT', 'price': {'currency': 'EUR', 'total': '2283.51', 'base': '2196.00'}, 'fareDetailsBySegment': [{'segmentId': '56', 'cabin': 'ECONOMY', 'fareBasis': 'YIFSQ', 'class': 'Y', 'includedCheckedBags': {'weight': 30, 'weightUnit': 'KG'}}, {'segmentId': '57', 'cabin': 'ECONOMY', 'fareBasis': 'YIFSQ', 'class': 'Y', 'includedCheckedBags': {'weight': 30, 'weightUnit': 'KG'}}]}]",EUR,2283.51,2196.00,"[{'amount': '0.00', 'type': 'SUPPLIER'}, {'amount': '0.00', 'type': 'TICKETING'}]",2283.51,['PUBLISHED'],True,
59,flight-offer,60,GDS,False,False,False,2023-10-10,2023-10-10,9,"[{'duration': 'PT27H55M', 'segments': [{'departure': {'iataCode': 'SYD', 'terminal': '1', 'at': '2023-10-10T19:05:00'}, 'arrival': {'iataCode': 'SIN', 'terminal': '0', 'at': '2023-10-11T00:20:00'}, 'carrierCode': 'SQ', 'number': '242', 'aircraft': {'code': '359'}, 'operating': {'carrierCode': 'SQ'}, 'duration': 'PT8H15M', 'id': '120', 'numberOfStops': 0, 'blacklistedInEU': False}, {'departure': {'iataCode': 'SIN', 'terminal': '2', 'at': '2023-10-11T17:30:00'}, 'arrival': {'iataCode': 'BKK', 'at': '2023-10-11T19:00:00'}, 'carrierCode': 'SQ', 'number': '714', 'aircraft': {'code': '787'}, 'operating': {'carrierCode': 'SQ'}, 'duration': 'PT2H30M', 'id': '121', 'numberOfStops': 0, 'blacklistedInEU': False}]}]",['SQ'],"[{'travelerId': '1', 'fareOption': 'STANDARD', 'travelerType': 'ADULT', 'price': {'currency': 'EUR', 'total': '2283.51', 'base': '2196.00'}, 'fareDetailsBySegment': [{'segmentId': '120', 'cabin': 'ECONOMY', 'fareBasis': 'YIFSQ', 'class': 'Y', 'includedCheckedBags': {'weight': 30, 'weightUnit': 'KG'}}, {'segmentId': '121', 'cabin': 'ECONOMY', 'fareBasis': 'YIFSQ', 'class': 'Y', 'includedCheckedBags': {'weight': 30, 'weightUnit': 'KG'}}]}]",EUR,2283.51,2196.00,"[{'amount': '0.00', 'type': 'SUPPLIER'}, {'amount': '0.00', 'type': 'TICKETING'}]",2283.51,['PUBLISHED'],True,
60,flight-offer,61,GDS,False,False,False,2023-09-27,2023-09-27,9,"[{'duration': 'PT20H35M', 'segments': [{'departure': {'iataCode': 'SYD', 'terminal': '1', 'at': '2023-10-10T12:00:00'}, 'arrival': {'iataCode': 'HND', 'at': '2023-10-10T20:35:00'}, 'carrierCode': 'NH', 'number': '890', 'aircraft': {'code': '789'}, 'operating': {'carrierCode': 'NH'}, 'duration': 'PT10H35M', 'id': '80', 'numberOfStops': 0, 'blacklistedInEU': False}, {'departure': {'iataCode': 'HND', 'at': '2023-10-11T00:05:00'}, 'arrival': {'iataCode': 'BKK', 'at': '2023-10-11T04:35:00'}, 'carrierCode': 'NH', 'number': '849', 'aircraft': {'code': '789'}, 'operating': {'carrierCode': 'NH'}, 'duration': 'PT6H30M', 'id': '81', 'numberOfStops': 0, 'blacklistedInEU': False}]}]",['NH'],"[{'travelerId': '1', 'fareOption': 'STANDARD', 'travelerType': 'ADULT', 'price': {'currency': 'EUR', 'total': '5914.48', 'base': '5545.00'}, 'fareDetailsBySegment': [{'segmentId': '80', 'cabin': 'PREMIUM_ECONOMY', 'fareBasis': 'GFA0WQOG', 'class': 'G', 'includedCheckedBags': {'quantity': 2}}, {'segmentId': '81', 'cabin': 'ECONOMY', 'fareBasis': 'Y2XOWA1', 'class': 'Y', 'includedCheckedBags': {'quantity': 2}}]}]",EUR,5914.48,5545.00,"[{'amount': '0.00', 'type': 'SUPPLIER'}, {'amount': '0.00', 'type': 'TICKETING'}]",5914.48,['PUBLISHED'],True,
61,flight-offer,62,GDS,False,False,False,2023-09-27,2023-09-27,9,"[{'duration': 'PT34H50M', 'segments': [{'departure': {'iataCode': 'SYD', 'terminal': '1', 'at': '2023-10-10T21:45:00'}, 'arrival': {'iataCode': 'HND', 'at': '2023-10-11T05:25:00'}, 'carrierCode': 'NH', 'number': '880', 'aircraft': {'code': '789'}, 'operating': {'carrierCode': 'NH'}, 'duration': 'PT9H40M', 'id': '114', 'numberOfStops': 0, 'blacklistedInEU': False}, {'departure': {'iataCode': 'HND', 'at': '2023-10-12T00:05:00'}, 'arrival': {'iataCode': 'BKK', 'at': '2023-10-12T04:35:00'}, 'carrierCode': 'NH', 'number': '849', 'aircraft': {'code': '789'}, 'operating': {'carrierCode': 'NH'}, 'duration': 'PT6H30M', 'id': '115', 'numberOfStops': 0, 'blacklistedInEU': False}]}]",['NH'],"[{'travelerId': '1', 'fareOption': 'STANDARD', 'travelerType': 'ADULT', 'price': {'currency': 'EUR', 'total': '5914.48', 'base': '5545.00'}, 'fareDetailsBySegment': [{'segmentId': '114', 'cabin': 'PREMIUM_ECONOMY', 'fareBasis': 'GFA0WQOG', 'class': 'G', 'includedCheckedBags': {'quantity': 2}}, {'segmentId': '115', 'cabin': 'ECONOMY', 'fareBasis': 'Y2XOWA1', 'class': 'Y', 'includedCheckedBags': {'quantity': 2}}]}]",EUR,5914.48,5545.00,"[{'amount': '0.00', 'type': 'SUPPLIER'}, {'amount': '0.00', 'type': 'TICKETING'}]",5914.48,['PUBLISHED'],True,
62,flight-offer,63,GDS,False,False,False,2023-09-27,2023-09-27,9,"[{'duration': 'PT29H35M', 'segments': [{'departure': {'iataCode': 'SYD', 'terminal': '1', 'at': '2023-10-10T21:45:00'}, 'arrival': {'iataCode': 'HND', 'at': '2023-10-11T05:25:00'}, 'carrierCode': 'NH', 'number': '880', 'aircraft': {'code': '789'}, 'operating': {'carrierCode': 'NH'}, 'duration': 'PT9H40M', 'id': '82', 'numberOfStops': 0, 'blacklistedInEU': False}, {'departure': {'iataCode': 'NRT', 'terminal': '1', 'at': '2023-10-11T18:35:00'}, 'arrival': {'iataCode': 'BKK', 'at': '2023-10-11T23:20:00'}, 'carrierCode': 'NH', 'number': '805', 'aircraft': {'code': '789'}, 'operating': {'carrierCode': 'NH'}, 'duration': 'PT6H45M', 'id': '83', 'numberOfStops': 0, 'blacklistedInEU': False}]}]",['NH'],"[{'travelerId': '1', 'fareOption': 'STANDARD', 'travelerType': 'ADULT', 'price': {'currency': 'EUR', 'total': '5922.11', 'base': '5545.00'}, 'fareDetailsBySegment': [{'segmentId': '82', 'cabin': 'PREMIUM_ECONOMY', 'fareBasis': 'GFA0WQOG', 'class': 'G', 'includedCheckedBags': {'quantity': 2}}, {'segmentId': '83', 'cabin': 'ECONOMY', 'fareBasis': 'Y2XOWA1', 'class': 'Y', 'includedCheckedBags': {'quantity': 2}}]}]",EUR,5922.11,5545.00,"[{'amount': '0.00', 'type': 'SUPPLIER'}, {'amount': '0.00', 'type': 'TICKETING'}]",5922.11,['PUBLISHED'],True,
63,flight-offer,64,GDS,False,False,False,2023-09-27,2023-09-27,9,"[{'duration': 'PT30H20M', 'segments': [{'departure': {'iataCode': 'SYD', 'terminal': '1', 'at': '2023-10-10T21:45:00'}, 'arrival': {'iataCode': 'HND', 'at': '2023-10-11T05:25:00'}, 'carrierCode': 'NH', 'number': '880', 'aircraft': {'code': '789'}, 'operating': {'carrierCode': 'NH'}, 'duration': 'PT9H40M', 'id': '58', 'numberOfStops': 0, 'blacklistedInEU': False}, {'departure': {'iataCode': 'NRT', 'terminal': '1', 'at': '2023-10-11T18:40:00'}, 'arrival': {'iataCode': 'BKK', 'at': '2023-10-12T00:05:00'}, 'carrierCode': 'NH', 'number': '803', 'aircraft': {'code': '388'}, 'operating': {'carrierCode': 'NH'}, 'duration': 'PT7H25M', 'id': '59', 'numberOfStops': 0, 'blacklistedInEU': False}]}]",['NH'],"[{'travelerId': '1', 'fareOption': 'STANDARD', 'travelerType': 'ADULT', 'price': {'currency': 'EUR', 'total': '5922.11', 'base': '5545.00'}, 'fareDetailsBySegment': [{'segmentId': '58', 'cabin': 'PREMIUM_ECONOMY', 'fareBasis': 'GFA0WQOG', 'class': 'G', 'includedCheckedBags': {'quantity': 2}}, {'segmentId': '59', 'cabin': 'ECONOMY', 'fareBasis': 'Y2XOWA1', 'class': 'Y', 'includedCheckedBags': {'quantity': 2}}]}]",EUR,5922.11,5545.00,"[{'amount': '0.00', 'type': 'SUPPLIER'}, {'amount': '0.00', 'type': 'TICKETING'}]",5922.11,['PUBLISHED'],True,
64,flight-offer,65,GDS,False,False,False,2023-09-27,2023-09-27,9,"[{'duration': 'PT21H45M', 'segments': [{'departure': {'iataCode': 'SYD', 'terminal': '1', 'at': '2023-10-10T21:45:00'}, 'arrival': {'iataCode': 'HND', 'at': '2023-10-11T05:25:00'}, 'carrierCode': 'NH', 'number': '880', 'aircraft': {'code': '789'}, 'operating': {'carrierCode': 'NH'}, 'duration': 'PT9H40M', 'id': '98', 'numberOfStops': 0, 'blacklistedInEU': False}, {'departure': {'iataCode': 'HND', 'at': '2023-10-11T10:50:00'}, 'arrival': {'iataCode': 'BKK', 'at': '2023-10-11T15:30:00'}, 'carrierCode': 'NH', 'number': '847', 'aircraft': {'code': '789'}, 'operating': {'carrierCode': 'NH'}, 'duration': 'PT6H40M', 'id': '99', 'numberOfStops': 0, 'blacklistedInEU': False}]}]",['NH'],"[{'travelerId': '1', 'fareOption': 'STANDARD', 'travelerType': 'ADULT', 'price': {'currency': 'EUR', 'total': '5963.48', 'base': '5594.00'}, 'fareDetailsBySegment': [{'segmentId': '98', 'cabin': 'PREMIUM_ECONOMY', 'fareBasis': 'GFA0WQOG', 'class': 'G', 'includedCheckedBags': {'quantity': 2}}, {'segmentId': '99', 'cabin': 'ECONOMY', 'fareBasis': 'Y2XOWA1', 'class': 'Y', 'includedCheckedBags': {'quantity': 2}}]}]",EUR,5963.48,5594.00,"[{'amount': '0.00', 'type': 'SUPPLIER'}, {'amount': '0.00', 'type': 'TICKETING'}]",5963.48,['PUBLISHED'],True,
